sample_id,avg_elements,min_elements,max_elements,density_category
1656507072588,37.0,37,37,low
1656367243412,21.0,21,21,low
1655989741425,30.0,30,30,low
1656065034741,32.0,32,32,low
1656140658736,22.0,22,22,low
1656468032527,47.0,47,47,low
1656130320834,22.0,22,22,low
1656240241930,136.0,136,136,medium
1656198892204,164.0,164,164,high
1656297294241,130.0,130,130,medium
1656335838504,181.0,181,181,high
1657269949332,62.0,62,62,medium
1655927114686,218.0,218,218,high
1656444403100,264.0,264,264,high
1657102047238,165.0,165,165,high
1656425999402,115.0,115,115,medium
1656566981703,87.0,87,87,medium
1658775419070,142.0,142,142,medium
1656362553244,147.0,147,147,medium
1656242082716,318.0,318,318,high
1656073118725,161.0,161,161,high
1656414122026,26.0,26,26,low
1655989760877,43.0,43,43,low
1656297044787,132.0,132,132,medium
1656344984952,10.0,10,10,low
1656057690329,242.0,242,242,high
1656021482534,46.0,46,46,low
1656269194424,42.0,42,42,low
1656487365432,52.0,52,52,medium
1656435847343,124.0,124,124,medium
1656110327622,126.0,126,126,medium
1656324792775,23.0,23,23,low
1656389526188,54.0,54,54,medium
1655951994680,34.0,34,34,low
1655952182056,30.0,30,30,low
1656506122763,390.0,390,390,high
1655999704908,23.0,23,23,low
1656553173455,418.0,418,418,high
1655955845409,80.0,80,80,medium
1656174568852,72.0,72,72,medium
1656323765284,38.0,38,38,low
1655941883750,52.0,52,52,medium
1657106950733,115.0,115,115,medium
1656512857408,109.0,109,109,medium
1658454020119,7.0,7,7,low
1655973039519,70.0,70,70,medium
1658334314365,283.0,283,283,high
1655973032239,53.0,53,53,medium
1655987316077,32.0,32,32,low
1657218413118,431.0,431,431,high
1655969411548,20.0,20,20,low
1655926106177,200.0,200,200,high
1656405911457,229.0,229,229,high
1656507542812,123.0,123,123,medium
1656604629678,29.0,29,29,low
1656031008955,23.0,23,23,low
1655966470277,46.0,46,46,low
1656594145000,71.0,71,71,medium
1656305471511,32.0,32,32,low
1655932970424,51.0,51,51,medium
1658399816871,201.0,201,201,high
1656594346082,45.0,45,45,low
1656029254008,199.0,199,199,high
1656334125031,83.0,83,83,medium
1656608512688,120.0,120,120,medium
1656565700375,43.0,43,43,low
1656064953127,46.0,46,46,low
1656273346148,26.0,26,26,low
1656555338081,47.0,47,47,low
1657300050628,338.0,338,338,high
1657246244300,22.0,22,22,low
1655986524356,165.0,165,165,high
1656614386576,383.75,143,615,high
1656329729794,116.0,116,116,medium
1657124971315,229.0,229,229,high
1656202962563,4.0,4,4,low
1655956612384,106.0,106,106,medium
1655985899291,199.0,199,199,high
1656442294633,215.0,215,215,high
1656031874232,53.0,53,53,medium
1656009520844,80.0,80,80,medium
1656052019842,45.0,45,45,low
1656576556347,340.0,340,340,high
1656599469395,6.0,6,6,low
1656076009913,277.0,277,277,high
1656343620800,52.0,52,52,medium
1655900377936,12.0,12,12,low
1656618551177,171.0,171,171,high
1655923980822,52.0,52,52,medium
1655966977480,40.0,40,40,low
1656366975942,128.0,128,128,medium
1656284310040,15.0,15,15,low
1656096250822,23.0,23,23,low
1656104402429,335.0,335,335,high
1658324790231,401.0,401,401,high
1655908669530,70.0,70,70,medium
1655913788175,347.0,347,347,high
1656363817752,35.0,35,35,low
1655999683546,6.0,6,6,low
1656004732931,46.0,46,46,low
1656339742797,220.0,220,220,high
1655992147630,269.0,269,269,high
1656056732960,106.0,106,106,medium
1656362967263,13.0,13,13,low
1656278844448,249.0,249,249,high
1656308161201,46.0,46,46,low
1657181162822,7.0,7,7,low
1656568730015,165.0,165,165,high
1656228376150,48.0,48,48,low
1656533553540,146.0,146,146,medium
1656597339528,29.0,29,29,low
1656019469199,49.0,49,49,low
1656434535029,42.0,42,42,low
1657134945613,130.75,117,142,medium
1656136929934,193.0,193,193,high
1656035314301,275.0,275,275,high
1656578475292,30.0,30,30,low
1656369107947,70.0,70,70,medium
1656574237657,230.0,230,230,high
1656565018378,174.0,174,174,high
1655986375851,70.0,70,70,medium
1659974033365,229.0,229,229,high
1656264960557,227.0,227,227,high
1656240426162,348.0,348,348,high
1656533780540,339.0,339,339,high
1656065576186,61.0,61,61,medium
1655896696033,80.0,80,80,medium
1656373514692,52.0,52,52,medium
1656044058619,12.0,12,12,low
1656553478456,150.0,150,150,medium
1656301192952,70.0,70,70,medium
1658442143318,43.0,43,43,low
1656108789504,328.0,328,328,high
1655889843254,12.0,12,12,low
1656518996240,41.0,41,41,low
1656162957912,95.0,95,95,medium
1656351393279,60.0,60,60,medium
1656520359235,179.0,179,179,high
1656293162951,70.0,70,70,medium
1656106484716,10.0,10,10,low
1657116013449,52.0,52,52,medium
1655992359804,349.0,349,349,high
1656067218703,60.0,60,60,medium
1655983925260,60.0,60,60,medium
1656233482489,48.0,48,48,low
1658313606128,229.0,229,229,high
1657457773867,34.0,34,34,low
1656579654854,70.0,70,70,medium
1655896788809,72.0,72,72,medium
1656182096329,10.0,10,10,low
1656214011344,175.0,175,175,high
1656584755796,42.0,42,42,low
1656167859651,250.0,250,250,high
1657384320707,68.0,68,68,medium
1655945113117,26.0,26,26,low
1656060419106,46.0,46,46,low
1656329067702,106.0,106,106,medium
1657095824364,144.0,144,144,medium
1656372888943,16.0,16,16,low
1656500639384,325.0,325,325,high
1656523765015,268.0,268,268,high
1656261240268,60.0,60,60,medium
1655919997721,53.0,53,53,medium
1656027824940,30.0,30,30,low
1656508592674,88.0,88,88,medium
1656012932383,71.0,71,71,medium
1657393914981,11.0,11,11,low
1655974644532,52.0,52,52,medium
1656285799169,45.0,45,45,low
1656546211260,229.0,229,229,high
1657092339127,27.0,27,27,low
1657098126162,377.75,120,615,high
1656548787424,358.0,358,358,high
1656061256142,282.0,282,282,high
1656117055779,29.0,29,29,low
1655974654631,23.0,23,23,low
1657194356742,96.0,96,96,medium
1656570115481,14.0,14,14,low
1656588142891,16.0,16,16,low
1656108019263,10.0,10,10,low
1656152434252,162.0,162,162,high
1656134465055,43.0,43,43,low
1657087659865,66.0,66,66,medium
1656387062345,103.0,103,103,medium
1656235294313,6.0,6,6,low
1656042200900,197.0,197,197,high
1656614406725,229.0,229,229,high
1657139087271,78.0,78,78,medium
1656222717401,271.0,271,271,high
1657105501052,7.0,7,7,low
1656577288637,168.0,168,168,high
1655985275858,218.0,218,218,high
1657400037412,255.0,255,255,high
1656614750376,252.0,252,252,high
1656598154985,219.0,219,219,high
1655920459722,52.0,52,52,medium
1656374382011,24.0,24,24,low
1656099089627,219.0,219,219,high
1656163657183,84.0,84,84,medium
1655991152874,16.0,16,16,low
1656086396904,71.0,71,71,medium
1656067576146,26.0,26,26,low
1656098297692,78.0,78,78,medium
1656223235863,364.0,364,364,high
1656566417007,51.0,51,51,medium
1655980496697,30.0,30,30,low
1656400777067,372.0,372,372,high
1656003306024,102.0,102,102,medium
1656331249424,27.0,27,27,low
1656259886179,250.0,250,250,high
1656336374746,83.0,83,83,medium
1655925502577,66.0,66,66,medium
1656157577929,16.0,16,16,low
1656122269116,88.0,88,88,medium
1655962282476,131.0,131,131,medium
1656109349811,52.0,52,52,medium
1656005838595,52.0,52,52,medium
1655988523356,53.0,53,53,medium
1656004263238,63.0,63,63,medium
1658289024688,16.0,16,16,low
1657177533282,153.0,153,153,high
1656338198480,177.0,177,177,high
1656134426276,224.0,224,224,high
1655934824903,46.0,46,46,low
1656084694531,75.0,75,75,medium
1656173117464,52.0,52,52,medium
1656258103033,58.0,58,58,medium
1655969093250,23.0,23,23,low
1656005289959,29.0,29,29,low
1656414460032,208.0,208,208,high
1656405489515,53.0,53,53,medium
1656208250743,70.0,70,70,medium
1655966820870,69.0,69,69,medium
1656404426553,47.0,47,47,low
1658882409189,7.0,7,7,low
1657380651487,43.0,43,43,low
1656045238932,103.0,103,103,medium
1656023535454,105.0,105,105,medium
1656178002408,38.0,38,38,low
1656148737503,88.0,88,88,medium
1656252114187,11.0,11,11,low
1656393404627,37.0,37,37,low
1656562679912,68.0,68,68,medium
1657091729692,96.0,96,96,medium
1656183864452,222.0,222,222,high
1656159071091,70.0,70,70,medium
1657143754837,144.0,144,144,medium
1656262579062,30.0,30,30,low
1655962912445,26.0,26,26,low
1656341839309,143.0,143,143,medium
1656546011069,47.0,47,47,low
1656201534440,191.0,191,191,high
1656183846684,23.0,23,23,low
1657304192978,511.5,498,516,high
1656329950243,325.0,325,325,high
1656288271938,6.0,6,6,low
1656426120764,89.0,89,89,medium
1656473939967,3.0,3,3,low
1658276327520,206.0,206,206,high
1655971881671,280.0,280,280,high
1656578116155,199.0,199,199,high
1656021007113,233.0,233,233,high
1656302688015,72.0,72,72,medium
1655940880989,10.0,10,10,low
1656391162530,70.0,70,70,medium
1656001970629,95.0,95,95,medium
1656497254237,199.0,199,199,high
1656414998467,7.0,7,7,low
1656598634769,201.0,201,201,high
1655926662468,53.0,53,53,medium
1657118133148,450.0,450,450,high
1658698304429,43.0,43,43,low
1656525829203,23.25,18,25,low
1656510750556,194.0,194,194,high
1656152899067,7.0,7,7,low
1657420403849,43.0,43,43,low
1656104001430,7.0,7,7,low
1657117133458,38.0,38,38,low
1656334935042,109.0,104,116,medium
1656130361671,347.0,347,347,high
1656201295951,170.0,170,170,high
1656192437419,38.0,38,38,low
1656123493267,81.0,81,81,medium
1658553002555,167.0,167,167,high
1656046965258,170.0,170,170,high
1656518317027,70.0,70,70,medium
1656392606657,40.0,40,40,low
1656316790065,119.0,119,119,medium
1657150419626,91.0,91,91,medium
1655985675630,42.0,42,42,low
1657375152956,313.0,313,313,high
1656353158645,259.0,259,259,high
1656330750941,220.0,220,220,high
1656397649589,218.0,218,218,high
1657133298486,325.0,325,325,high
1655979945497,52.0,52,52,medium
1656525324663,66.0,66,66,medium
1656283999024,203.0,203,203,high
1656590680312,163.0,163,163,high
1656236308691,23.25,18,25,low
1656414725700,86.0,86,86,medium
1655893666749,52.0,52,52,medium
1656049851640,197.0,197,197,high
1656505997172,318.0,318,318,high
1655929342622,131.0,131,131,medium
1656040251505,6.0,6,6,low
1656348713387,89.0,89,89,medium
1655935636985,16.0,16,16,low
1656219452450,98.0,98,98,medium
1656182941141,90.0,90,90,medium
1656034942959,120.0,120,120,medium
1658344537885,103.0,103,103,medium
1656174343391,42.0,42,42,low
1656497051520,144.0,144,144,medium
1656531997615,218.0,218,218,high
1657419125870,229.0,229,229,high
1658381222167,167.0,167,167,high
1656506117141,8.0,8,8,low
1656250094257,22.0,22,22,low
1656095088799,103.75,97,119,medium
1656373778342,181.0,181,181,high
1656080848586,218.0,218,218,high
1656585468008,185.0,185,185,high
1656566870755,188.0,188,188,high
1656240447251,179.0,179,179,high
1655938182321,42.0,42,42,low
1656248524590,171.0,171,171,high
1656243223078,3.0,3,3,low
1656415126544,70.0,70,70,medium
1656224706849,261.0,261,261,high
1659591595457,70.0,70,70,medium
1656521535287,27.0,27,27,low
1656236651816,61.0,61,61,medium
1656108926059,111.0,111,111,medium
1656253721449,288.0,288,288,high
1655954363995,79.0,79,79,medium
1655982340892,7.0,7,7,low
1656086029198,273.0,273,273,high
1656290807095,183.75,179,192,high
1656199006533,53.0,53,53,medium
1656047168232,316.0,316,316,high
1655971252112,64.0,64,64,medium
1656104743657,70.0,70,70,medium
1656581318296,108.0,108,108,medium
1655940608575,144.75,141,146,medium
1656596110090,70.0,70,70,medium
1656530520543,7.0,7,7,low
1658322740318,144.0,144,144,medium
1658280178930,405.0,405,405,high
1655996560399,183.0,183,183,high
1655958736985,218.0,218,218,high
1656487230594,177.0,177,177,high
1655966530007,61.0,61,61,medium
1656120376178,7.0,7,7,low
1656413902666,82.0,82,82,medium
1659284209144,43.0,43,43,low
1656536473231,418.0,418,418,high
1656544361263,66.0,66,66,medium
1656325305648,456.0,456,456,high
1656162853105,265.0,265,265,high
1655991024370,350.0,350,350,high
1655951215957,16.0,16,16,low
1656203796062,229.0,229,229,high
1656458896812,268.0,268,268,high
1656022968662,265.0,265,265,high
1656142553955,131.0,131,131,medium
1657120426595,171.0,171,171,high
1656129984913,53.0,53,53,medium
1656262930919,12.0,12,12,low
1658784727254,7.0,7,7,low
1656198796331,167.0,167,167,high
1656530072624,119.0,119,119,medium
1656582556292,162.0,162,162,high
1656293526195,321.0,321,321,high
1656608481077,70.0,70,70,medium
1656371462125,64.0,64,64,medium
1656221033382,91.0,91,91,medium
1656055869302,233.0,233,233,high
1656340783989,70.0,70,70,medium
1656080656557,78.0,78,78,medium
1656250406928,177.0,177,177,high
1655970552476,50.0,50,50,medium
1656414506970,153.0,153,153,high
1656164437883,26.0,26,26,low
1655983871691,329.0,323,331,high
1656051601987,130.0,130,130,medium
1656204285931,21.0,21,21,low
1656268506756,394.0,394,394,high
1657093375707,328.0,328,328,high
1656318946498,338.0,335,341,high
1656077206035,7.0,7,7,low
1656094372170,38.0,38,38,low
1656081328330,197.0,197,197,high
1655964265647,218.0,218,218,high
1656541087705,318.0,318,318,high
1656240735121,53.0,53,53,medium
1656194509778,484.0,484,484,high
1655964293849,615.0,615,615,high
1656279109124,298.0,298,298,high
1656382995714,282.0,282,282,high
1656369453825,66.0,66,66,medium
1656165027072,70.0,70,70,medium
1657127558651,7.0,7,7,low
1656003610606,127.0,127,127,medium
1656166352799,70.0,70,70,medium
1656158227962,52.0,52,52,medium
1657146126239,201.0,201,201,high
1655923694144,101.0,101,101,medium
1655940219222,130.0,130,130,medium
1656015078104,268.0,268,268,high
1655992819256,48.0,48,48,low
1655956674338,69.0,69,69,medium
1656417908428,63.0,63,63,medium
1656384512167,268.0,268,268,high
1656552312629,418.0,418,418,high
1656513881835,63.0,63,63,medium
1656055306130,12.0,12,12,low
1658706537320,64.0,64,64,medium
1655958400735,200.0,200,200,high
1655949275094,124.0,124,124,medium
1656595712612,72.0,72,72,medium
1656006384280,6.0,6,6,low
1656123088708,560.0,560,560,high
1656561943719,85.0,85,85,medium
1656358515238,137.0,137,137,medium
1655950603932,75.0,75,75,medium
1657324526729,123.0,123,123,medium
1656330227230,67.0,67,67,medium
1656124782903,22.0,22,22,low
1656151614871,201.0,201,201,high
1656325242395,93.0,93,93,medium
1656408023153,125.0,125,125,medium
1656261171802,149.0,149,149,medium
1656605588976,162.0,162,162,high
1656365759444,10.0,10,10,low
1657131191381,116.0,116,116,medium
1656102413321,111.0,111,111,medium
1655955824138,66.0,66,66,medium
1656526351986,57.0,57,57,medium
1656067576440,201.0,201,201,high
1655942890168,68.0,68,68,medium
1656017413045,112.0,112,112,medium
1656282997494,23.0,23,23,low
1656591227503,418.0,418,418,high
1656403356345,50.0,50,50,medium
1656371779372,188.0,188,188,high
1657124539596,107.0,107,107,medium
1656559100877,35.0,35,35,low
1657176463798,259.0,259,259,high
1656252858602,9.0,9,9,low
1656135092261,24.0,24,24,low
1656526782628,56.0,56,56,medium
1657373728770,229.0,229,229,high
1656137329767,206.0,206,206,high
1656435099441,116.0,116,116,medium
1656455963662,189.0,189,189,high
1656121572354,16.0,16,16,low
1656573229579,164.0,164,164,high
1656403739883,131.0,131,131,medium
1656298309230,66.0,66,66,medium
1655983440967,46.0,46,46,low
1656115168916,64.0,64,64,medium
1656589251745,121.0,121,121,medium
1655914348849,8.0,8,8,low
1656005274345,76.0,76,76,medium
1656039937615,185.0,185,185,high
1656525196053,216.0,216,216,high
1655922723220,49.0,49,49,low
1655995512468,57.0,57,57,medium
1656126831406,12.0,12,12,low
1655939300065,180.0,180,180,high
1656270688714,170.0,169,171,high
1656282538746,90.0,90,90,medium
1655927697506,92.0,92,92,medium
1656236361245,353.0,353,353,high
1656588881605,138.0,138,138,medium
1655967603338,20.0,20,20,low
1656580201990,59.0,59,59,medium
1656361871765,325.0,325,325,high
1656567839173,35.0,35,35,low
1658421068129,229.0,229,229,high
1656221421633,48.0,48,48,low
1656590192127,85.0,85,85,medium
1656021994333,181.0,181,181,high
1656064900821,23.0,23,23,low
1655963234573,106.0,106,106,medium
1658945923786,397.0,397,397,high
1657187246678,162.0,162,162,high
1656178296940,484.0,484,484,high
1656270877722,229.0,229,229,high
1655916887887,507.0,507,507,high
1656407824555,16.0,16,16,low
1656475160711,162.0,162,162,high
1656156403469,47.0,47,47,low
1656143076458,233.0,233,233,high
1656043035000,25.0,25,25,low
1655920368547,20.0,20,20,low
1655972942592,70.0,70,70,medium
1658279817120,79.0,79,79,medium
1655969514445,130.0,130,130,medium
1657150622844,313.0,313,313,high
1656372624119,66.0,66,66,medium
1656147575111,33.0,33,33,low
1656564631549,126.0,126,126,medium
1656595598368,83.0,83,83,medium
1656599818937,411.0,411,411,high
1657138882531,229.0,229,229,high
1655969572251,61.0,61,61,medium
1656225718336,26.0,26,26,low
1656530852466,104.0,104,104,medium
1656227085952,281.0,281,281,high
1655979163546,7.0,7,7,low
1655969098446,75.0,75,75,medium
1656080691622,170.0,170,170,high
1656237091125,58.0,58,58,medium
1656113470615,141.0,141,141,medium
1656238453526,54.0,54,54,medium
1655985830261,61.0,61,61,medium
1657095796472,99.0,99,99,medium
1656277298796,168.0,168,168,high
1656132457807,160.0,160,160,high
1657122941331,15.0,15,15,low
1656134999733,5.0,5,5,low
1656023715003,159.0,159,159,high
1656257118506,208.0,208,208,high
1657162542175,313.0,313,313,high
1657099667052,29.0,29,29,low
1655944408929,14.0,14,14,low
1658319661206,313.0,313,313,high
1656419390022,48.0,48,48,low
1656154037702,14.0,14,14,low
1656354526792,43.0,43,43,low
1656457343689,73.0,73,73,medium
1656351730581,16.0,16,16,low
1656268782650,110.0,110,110,medium
1656279666767,171.0,171,171,high
1656081141598,62.0,62,62,medium
1655969522860,131.0,131,131,medium
1656573202170,177.0,177,177,high
1655931281819,20.0,20,20,low
1656255481098,26.0,26,26,low
1656535047846,203.0,203,203,high
1656204977318,120.0,120,120,medium
1656334584153,125.0,125,125,medium
1655911675779,282.0,282,282,high
1657343910968,46.0,46,46,low
1657114058942,87.0,87,87,medium
1658598300713,7.0,7,7,low
1657102978156,52.0,51,53,medium
1658576327466,187.0,187,187,high
1656020831232,281.0,281,281,high
1655896040745,16.0,16,16,low
1656270912924,16.0,16,16,low
1657199903040,30.0,30,30,low
1656515120305,102.0,102,102,medium
1656240398623,134.0,134,134,medium
1656201775835,112.0,112,112,medium
1656268125240,71.0,71,71,medium
1656350252532,86.0,86,86,medium
1656144027853,211.0,211,211,high
1658866473502,43.0,43,43,low
1656273109410,79.0,79,79,medium
1655968483685,131.0,131,131,medium
1656388855893,111.0,111,111,medium
1656273559900,5.0,5,5,low
1656212067983,163.0,163,163,high
1656150539976,16.0,16,16,low
1655980021304,24.0,24,24,low
1656557576079,157.0,157,157,high
1657368879085,313.0,313,313,high
1656229112025,219.0,219,219,high
1656183751149,131.0,131,131,medium
1656131365531,98.0,98,98,medium
1655988090484,39.0,39,39,low
1656557482150,10.0,10,10,low
1655929210500,37.0,37,37,low
1655928709222,61.0,61,61,medium
1656325501411,39.0,39,39,low
1658319793452,46.0,46,46,low
1656097136854,57.0,57,57,medium
1655934249294,244.0,244,244,high
1655988185020,22.0,22,22,low
1656070081624,75.0,75,75,medium
1658679082747,229.0,229,229,high
1656147135544,23.0,23,23,low
1656293709583,66.0,66,66,medium
1658353077746,399.0,399,399,high
1655958690354,72.0,72,72,medium
1658347652950,43.0,43,43,low
1656088454067,352.0,352,352,high
1656428987575,138.0,138,138,medium
1656525370795,79.0,79,79,medium
1656597886984,119.0,119,119,medium
1655986313099,26.0,26,26,low
1656532699987,93.0,93,93,medium
1657143936344,93.0,93,93,medium
1655974634874,226.0,226,226,high
1655886032342,371.0,371,371,high
1656123883754,177.0,177,177,high
1657140712637,313.0,313,313,high
1658482930304,313.0,313,313,high
1656085414065,61.0,61,61,medium
1656223496907,16.0,16,16,low
1655998161450,275.0,275,275,high
1656146809692,115.0,115,115,medium
1658341459466,313.0,313,313,high
1655929467387,40.0,40,40,low
1656239085649,91.0,91,91,medium
1656504493610,234.0,234,234,high
1656244206825,22.0,22,22,low
1656543345368,242.0,242,242,high
1656569406439,43.0,43,43,low
1656534611951,275.0,275,275,high
1656121023134,159.0,159,159,high
1655952996194,16.0,16,16,low
1655949305763,22.0,22,22,low
1656599519689,81.0,81,81,medium
1658373081496,229.0,229,229,high
1655959133604,14.0,14,14,low
1656186288041,161.0,161,161,high
1656515784343,49.0,49,49,low
1656574593331,55.0,55,55,medium
1656146665774,66.0,66,66,medium
1655904445187,84.0,84,84,medium
1656569785920,35.0,35,35,low
1655934437526,15.0,15,15,low
1656154699651,38.0,38,38,low
1657320164835,43.0,43,43,low
1656199733446,86.0,86,86,medium
1656405875325,475.0,475,475,high
1658289413117,229.0,229,229,high
1656576694558,234.0,234,234,high
1656165159602,178.0,178,178,high
1656383255752,157.0,157,157,high
1655900722973,123.0,123,123,medium
1656481051578,266.0,266,266,high
1656071527960,52.0,52,52,medium
1656099220855,127.0,127,127,medium
1658682740969,43.0,43,43,low
1656063921320,202.0,202,202,high
1658425953838,263.0,263,263,high
1656617794502,30.0,30,30,low
1657220091618,313.0,313,313,high
1658484497790,43.0,43,43,low
1656498719593,182.0,182,182,high
1656335924705,95.0,95,95,medium
1657098488161,82.0,82,82,medium
1656603405832,125.0,125,125,medium
1655909382147,84.0,84,84,medium
1658733388778,313.0,313,313,high
1656075686948,48.0,48,48,low
1656109627769,151.0,151,151,high
1656251053166,18.0,18,18,low
1658360987618,229.0,229,229,high
1657253163159,187.0,187,187,high
1656147494191,9.0,9,9,low
1656015307402,115.0,115,115,medium
1655978214733,57.0,57,57,medium
1656586286567,195.0,195,195,high
1656331672349,89.0,89,89,medium
1656125780359,70.0,70,70,medium
1656099382555,8.0,8,8,low
1657286566946,313.0,313,313,high
1656016429439,141.0,141,141,medium
1655914700980,127.0,127,127,medium
1658308692173,28.0,28,28,low
1658417165901,229.0,229,229,high
1656115922105,193.0,193,193,high
1655957097955,209.0,209,209,high
1655970117431,70.0,70,70,medium
1656565277175,353.0,353,353,high
1658356098003,7.0,7,7,low
1656107365706,32.0,32,32,low
1656320839897,116.0,116,116,medium
1658470958352,229.0,229,229,high
1656093051296,141.0,141,141,medium
1658506852257,345.0,345,345,high
1656100905106,209.0,209,209,high
1655970073378,77.0,77,77,medium
1656095968034,167.0,167,167,high
1655990370447,143.0,143,143,medium
1656383675109,157.0,157,157,high
1656420082001,34.0,34,34,low
1657105160977,132.0,132,132,medium
1656527190112,133.0,133,133,medium
1658503420644,48.0,48,48,low
1656024155344,62.0,62,62,medium
1656162006547,87.0,87,87,medium
1657201178571,313.0,313,313,high
1656218135017,7.0,7,7,low
1656214902154,104.0,104,104,medium
1656281285880,15.0,15,15,low
1656466200438,185.0,185,185,high
1656517381877,82.0,82,82,medium
1657255526023,313.0,313,313,high
1656140884944,53.0,53,53,medium
1656231563113,66.0,66,66,medium
1655972598056,307.0,307,307,high
1655896083515,22.0,22,22,low
1655889361180,240.5,234,243,high
1655922445310,98.0,98,98,medium
1657269256340,229.0,229,229,high
1656007743936,25.0,25,25,low
1657141181328,7.0,7,7,low
1656226404715,555.0,555,555,high
1656091227223,164.0,164,164,high
1656353724557,155.0,155,155,high
1656332184030,72.0,72,72,medium
1656282060860,140.0,140,140,medium
1656512929764,66.0,66,66,medium
1658520178040,7.0,7,7,low
1656415512524,56.0,56,56,medium
1656488743224,29.0,29,29,low
1656053711431,69.0,69,69,medium
1656149360159,42.0,42,42,low
1656384260738,167.0,167,167,high
1657199277559,7.0,7,7,low
1656093102173,12.0,12,12,low
1657298267373,7.0,7,7,low
1656067542130,63.0,63,63,medium
1656504544112,136.0,136,136,medium
1656366761206,22.0,22,22,low
1657119550094,52.5,51,53,medium
1656162167839,41.0,41,41,low
1655966059974,95.0,95,95,medium
1656312075296,146.0,146,146,medium
1656185008050,66.0,66,66,medium
1656134784787,25.0,25,25,low
1656105447682,23.0,23,23,low
1656435528295,129.0,129,129,medium
1656293486618,230.0,230,230,high
1658973304184,229.0,229,229,high
1656282111169,194.0,194,194,high
1658873150999,7.0,7,7,low
1657131111383,46.0,46,46,low
1657175386076,313.0,313,313,high
1659700843730,161.0,161,161,high
1657197827393,776.0,776,776,high
1657107978063,83.0,83,83,medium
1656620101674,63.0,63,63,medium
1658303374558,43.0,43,43,low
1658429602131,229.0,229,229,high
1656336370664,63.0,63,63,medium
1656055155401,23.0,23,23,low
1656423919847,54.0,54,54,medium
1655901157715,45.0,45,45,low
1657241046877,229.0,229,229,high
1658394320154,229.0,229,229,high
1655943657597,177.0,177,177,high
1655959728733,92.0,92,92,medium
1656616494959,16.0,16,16,low
1656368048391,195.25,193,196,high
1655953659650,283.0,283,283,high
1655958504691,133.0,133,133,medium
1655923182219,25.0,25,25,low
1656004316209,65.0,65,65,medium
1655955990206,8.0,8,8,low
1656556056542,62.0,62,62,medium
1658466468089,273.0,273,273,high
1656355044199,12.0,12,12,low
1656206838646,150.0,150,150,medium
1656267261490,34.0,34,34,low
1656178906109,139.0,139,139,medium
1656348445448,69.0,69,69,medium
1655986346821,168.0,168,168,high
1656114711747,209.0,209,209,high
1656267259165,72.0,72,72,medium
1657164660004,229.0,229,229,high
1656249478724,30.0,30,30,low
1656097342592,81.0,81,81,medium
1655984956826,11.0,11,11,low
1658302484597,313.0,313,313,high
1656018456533,140.0,140,140,medium
1656593529829,99.0,99,99,medium
1657319329916,61.0,61,61,medium
1658789897501,7.0,7,7,low
1656413693011,33.0,33,33,low
1659697869737,7.0,7,7,low
1657140732595,229.0,229,229,high
1657441413787,229.0,229,229,high
1656385614558,72.0,72,72,medium
1656012638042,214.0,214,214,high
1655979312431,177.0,177,177,high
1658984166414,229.0,229,229,high
1658391255525,229.0,229,229,high
1656536175207,47.0,47,47,low
1656217867915,7.0,7,7,low
1656240700320,144.0,144,144,medium
1656327941765,126.0,126,126,medium
1657095040486,305.0,305,305,high
1658315595571,229.0,229,229,high
1660285896684,229.0,229,229,high
1658912483345,229.0,229,229,high
1656362972042,60.0,60,60,medium
1657453551621,7.0,7,7,low
1656517571499,45.0,45,45,low
1655968444146,524.0,524,524,high
1656092924939,64.0,64,64,medium
1656525257278,73.0,73,73,medium
1656602333798,10.0,10,10,low
1656527111997,51.0,51,51,medium
1656031733632,56.0,56,56,medium
1656498913932,240.0,240,240,high
1657138558878,86.0,86,86,medium
1657166705174,67.0,67,67,medium
1655985968859,88.0,88,88,medium
1655946349643,26.0,26,26,low
1656225443038,145.0,145,145,medium
1656529833385,151.0,151,151,high
1656375569431,72.0,72,72,medium
1656287742222,88.0,88,88,medium
1656360064503,51.5,50,52,medium
1657117466529,229.0,229,229,high
1655934041065,156.0,156,156,high
1658775206513,229.0,229,229,high
1657272735251,229.0,229,229,high
1655947970821,41.0,41,41,low
1656112000705,95.0,95,95,medium
1656582001769,119.0,101,137,medium
1656555318152,165.0,165,165,high
1656579617207,66.0,66,66,medium
1656061524899,184.0,184,184,high
1656359262947,62.0,62,62,medium
1656555115194,251.0,251,251,high
1656090541959,148.0,148,148,medium
1656337712173,161.0,161,161,high
1656139286052,131.0,131,131,medium
1656126930863,95.0,95,95,medium
1658536033426,229.0,229,229,high
1657127705032,229.0,229,229,high
1655932242922,61.0,61,61,medium
1657192501877,229.0,229,229,high
1656174853849,108.0,108,108,medium
1657173154871,313.0,313,313,high
1657125910457,229.0,229,229,high
1658953854773,397.0,397,397,high
1656095706432,228.0,228,228,high
1655983204532,94.0,94,94,medium
1656223219487,35.0,35,35,low
1655944162334,288.0,288,288,high
1655930362456,63.0,63,63,medium
1658576804595,229.0,229,229,high
1657159648615,57.0,57,57,medium
1656564236174,47.0,47,47,low
1655920202353,365.0,365,365,high
1656081517733,177.0,177,177,high
1655937202373,147.0,147,147,medium
1657177477213,92.0,92,92,medium
1655950360894,132.0,132,132,medium
1656002878074,42.0,42,42,low
1656194080364,103.0,103,103,medium
1658466093857,229.0,229,229,high
1656181767969,108.0,108,108,medium
1656344395791,62.0,62,62,medium
1656313140279,71.0,71,71,medium
1659448552929,229.0,229,229,high
1656003547603,75.0,75,75,medium
1656537499130,75.0,75,75,medium
1655912753115,242.0,242,242,high
1656217428262,95.0,95,95,medium
1656172537532,13.0,13,13,low
1655972919720,248.0,248,248,high
1656558265181,149.0,149,149,medium
1657328979521,313.0,313,313,high
1656269515427,171.0,171,171,high
1657116647130,46.0,46,46,low
1656323875161,95.0,95,95,medium
1658487771920,229.0,229,229,high
1656044895331,48.0,48,48,low
1658590782489,229.0,229,229,high
1657166282413,229.0,229,229,high
1657229627254,313.0,313,313,high
1657354735557,313.0,313,313,high
1656108199369,175.0,175,175,high
1656228638294,123.0,123,123,medium
1657415061214,229.0,229,229,high
1658525793006,313.0,313,313,high
1655898812258,177.0,177,177,high
1657072065849,62.0,62,62,medium
1658507375330,313.0,313,313,high
1658898312022,313.0,313,313,high
1656095585455,59.0,59,59,medium
1658358433710,229.0,229,229,high
1656016462051,41.0,41,41,low
1658456359300,229.0,229,229,high
1657080734184,361.0,361,361,high
1656001385729,6.0,6,6,low
1656556606405,186.0,186,186,high
1655971394255,42.0,42,42,low
1657163423931,313.0,313,313,high
1660221719064,187.0,187,187,high
1657129340660,323.0,323,323,high
1656267183591,304.0,304,304,high
1656102841356,16.0,16,16,low
1657301975363,229.0,229,229,high
1656409469530,75.0,75,75,medium
1657343415879,229.0,229,229,high
1656086590948,78.0,78,78,medium
1656525603078,67.0,67,67,medium
1656331528314,310.0,310,310,high
1655910113726,83.0,83,83,medium
1655975657826,116.0,116,116,medium
1657108402612,585.0,585,585,high
1656169402150,238.0,238,238,high
1656380947900,68.0,68,68,medium
1656540018392,7.0,7,7,low
1656556390472,104.0,104,104,medium
1656177798644,77.0,77,77,medium
1656058067803,47.0,47,47,low
1655939249636,84.0,84,84,medium
1656444443419,304.0,304,304,high
1656150173703,76.0,76,76,medium
1656010709430,75.0,75,75,medium
1657097832091,63.0,51,67,medium
1657311116743,313.0,313,313,high
1655967610293,297.0,297,297,high
1658887230378,229.0,229,229,high
1657222812522,229.0,229,229,high
1656545624513,76.0,76,76,medium
1656587663435,138.0,138,138,medium
1658434604747,229.0,229,229,high
1656413477119,95.0,95,95,medium
1656569817431,112.0,112,112,medium
1657207991262,229.0,229,229,high
1658355418697,229.0,229,229,high
1656310112681,11.0,11,11,low
1657377872361,313.0,313,313,high
1655980139259,81.0,81,81,medium
1656143097318,429.0,429,429,high
1657104686347,253.0,253,253,high
1656031643813,36.0,36,36,low
1655933000049,149.0,149,149,medium
1658376423416,229.0,229,229,high
1657212321995,229.0,229,229,high
1657112992164,125.0,125,125,medium
1657189593132,229.0,229,229,high
1658295833431,229.0,229,229,high
1656500158404,95.0,95,95,medium
1657371863930,229.0,229,229,high
1656373207871,235.0,235,235,high
1657285314571,313.0,313,313,high
1655950386595,35.0,35,35,low
1656006968127,120.0,120,120,medium
1656332563529,114.0,114,114,medium
1656414930867,83.0,83,83,medium
1659023930624,43.0,43,43,low
1658272038325,264.0,264,264,high
1657294387172,229.0,229,229,high
1656395880812,75.0,75,75,medium
1656008574729,8.0,8,8,low
1656432042766,51.0,51,51,medium
1657167413326,79.0,79,79,medium
1658933762860,7.0,7,7,low
1656163532006,183.0,183,183,high
1656259087001,110.0,110,110,medium
1656227300193,156.0,156,156,high
1656041948448,278.0,278,278,high
1657252085352,229.0,229,229,high
1656406894408,75.0,75,75,medium
1657077933964,16.0,16,16,low
1657376249884,229.0,229,229,high
1657116203529,313.0,313,313,high
1657302788232,229.0,229,229,high
1656212185394,54.0,54,54,medium
1656562699087,88.0,88,88,medium
1655961313237,138.0,138,138,medium
1657147931127,128.0,128,128,medium
1656170821280,72.0,72,72,medium
1659703874852,229.0,229,229,high
1659105080868,313.0,313,313,high
1657246165733,229.0,229,229,high
1656183734227,194.0,194,194,high
1656503959374,135.0,135,135,medium
1656244690795,109.0,109,109,medium
1656600971385,157.0,157,157,high
1658581595007,229.0,229,229,high
1657111958909,143.0,143,143,medium
1659098106695,397.0,397,397,high
1656560433690,182.0,182,182,high
1656284353659,24.0,24,24,low
1657215084458,229.0,229,229,high
1655912209123,49.0,49,49,low
1657269741232,229.0,229,229,high
1656057196113,212.0,212,212,high
1656131261788,159.0,159,159,high
1656290566049,24.0,24,24,low
1658446870331,313.0,313,313,high
1656075309937,111.0,111,111,medium
1658587160300,313.0,313,313,high
1656350626117,46.0,46,46,low
1655996840756,8.0,8,8,low
1656594191222,22.0,22,22,low
1656408804530,165.0,165,165,high
1656536663737,33.0,33,33,low
1657222059740,229.0,229,229,high
1656019918511,7.0,7,7,low
1658328959052,283.0,283,283,high
1659338836731,229.0,229,229,high
1656148001043,62.0,62,62,medium
1656564375442,52.0,52,52,medium
1656256178938,49.0,49,49,low
1657194007547,229.0,229,229,high
1655932995483,179.0,179,179,high
1657422541314,229.0,229,229,high
1658923071781,229.0,229,229,high
1656363705269,240.0,240,240,high
1656405994667,113.0,113,113,medium
1657409415943,229.0,229,229,high
1658284915454,7.0,7,7,low
1656253245497,63.0,63,63,medium
1656291957535,98.0,98,98,medium
1660019886937,229.0,229,229,high
1656016032628,175.0,175,175,high
1656185666630,34.0,34,34,low
1656091269859,19.0,19,19,low
1657324274306,229.0,229,229,high
1658676093170,229.0,229,229,high
1657366038062,313.0,313,313,high
1657423590970,313.0,313,313,high
1657291785086,313.0,313,313,high
1658562842872,229.0,229,229,high
1658342244474,231.0,231,231,high
1657108036385,182.0,182,182,high
1655933364254,149.0,149,149,medium
1656055391301,76.0,76,76,medium
1656343978607,139.0,139,139,medium
1656393726310,173.0,173,173,high
1656396502024,131.0,131,131,medium
1656300915248,177.0,177,177,high
1658628486376,229.0,229,229,high
1656284586694,65.0,65,65,medium
1657181079719,229.0,229,229,high
1659841389946,229.0,229,229,high
1657216483127,7.0,7,7,low
1658320931735,229.0,229,229,high
1656318822447,115.0,115,115,medium
1657308435339,229.0,229,229,high
1656292144545,154.0,154,154,high
1656109950424,162.0,162,162,high
1656186993681,8.0,8,8,low
1657381638015,7.0,7,7,low
1656495937336,219.0,219,219,high
1656212070009,222.0,222,222,high
1656119447607,65.0,65,65,medium
1658810663573,229.0,229,229,high
1655907090329,353.0,353,353,high
1656226613577,346.0,346,346,high
1656619922606,9.0,9,9,low
1656223842445,343.0,343,343,high
1655943644282,255.0,255,255,high
1656603933822,144.0,144,144,medium
1655988351625,163.0,163,163,high
1655985976663,404.0,404,404,high
1656475539434,337.0,337,337,high
1656322684060,98.0,98,98,medium
1656436939876,136.0,136,136,medium
1656332786630,264.0,264,264,high
1657122738258,229.0,229,229,high
1657409267174,229.0,229,229,high
1655960631465,499.0,499,499,high
1656352831406,165.0,165,165,high
1655982996908,31.0,31,31,low
1656526319977,96.0,96,96,medium
1656176346392,239.0,239,239,high
1656304779155,193.0,193,193,high
1656162569804,214.0,214,214,high
1656014348831,87.0,87,87,medium
1657162673851,313.0,313,313,high
1655981812838,123.0,123,123,medium
1656410054966,21.0,21,21,low
1656598922381,331.0,331,331,high
1656571254980,80.0,80,80,medium
1656309222921,121.0,121,121,medium
1657427184948,7.0,7,7,low
1656609642799,16.0,16,16,low
1656076247152,9.0,9,9,low
1656079537601,6.0,6,6,low
1656022420345,98.0,98,98,medium
1656168245717,116.0,116,116,medium
1657197362938,229.0,229,229,high
1657120163111,229.0,229,229,high
1656619115857,46.0,46,46,low
1656415057827,243.0,243,243,high
1656082471853,10.0,10,10,low
1655901087449,147.0,147,147,medium
1656366353878,73.0,73,73,medium
1656030829488,271.0,271,271,high
1656193277251,188.0,188,188,high
1656103585164,44.0,44,44,low
1656562227014,294.0,294,294,high
1656544320171,223.0,223,223,high
1656584101617,49.0,49,49,low
1657396050565,229.0,229,229,high
1656564570402,6.0,6,6,low
1658361914324,67.0,67,67,medium
1656229464402,57.0,57,57,medium
1656524697366,366.0,366,366,high
1656094433350,119.0,119,119,medium
1657423743075,229.0,229,229,high
1656372548363,102.0,102,102,medium
1657156641674,169.0,169,169,high
1657083899317,8.0,8,8,low
1656172561642,120.0,120,120,medium
1658296205469,229.0,229,229,high
1655977856683,275.0,275,275,high
1656191285048,124.0,124,124,medium
1656081237791,496.0,496,496,high
1656259657170,147.0,147,147,medium
1656463122302,267.0,267,267,high
1655978826532,65.0,65,65,medium
1656559426805,71.0,71,71,medium
1655929821745,34.0,34,34,low
1656317833468,21.0,21,21,low
1656136152584,10.0,10,10,low
1656420140586,169.0,169,169,high
1656605588036,304.0,304,304,high
1656588472397,207.0,207,207,high
1655997333708,192.0,192,192,high
1656006823202,108.0,108,108,medium
1656426291024,157.0,157,157,high
1655983109699,122.0,122,122,medium
1656380443408,84.0,84,84,medium
1656553655780,38.0,38,38,low
1657339634180,187.0,187,187,high
1656493048511,253.0,253,253,high
1656507870416,112.0,112,112,medium
1658611466330,88.0,88,88,medium
1657119605460,30.0,30,30,low
1657279770149,7.0,7,7,low
1656090174473,118.0,118,118,medium
1656438832707,69.0,69,69,medium
1656189704351,208.0,208,208,high
1655925433876,56.0,56,56,medium
1656110797135,151.0,151,151,high
1656026472236,16.0,16,16,low
1658417763639,43.0,43,43,low
1656083004338,8.0,8,8,low
1656333178254,62.0,62,62,medium
1655982339803,93.0,93,93,medium
1656535447998,43.0,43,43,low
1656285055924,141.0,141,141,medium
1656306794661,46.0,46,46,low
1657106465655,9.0,9,9,low
1655979874556,56.0,56,56,medium
1657248553687,7.0,7,7,low
1656170080908,105.0,105,105,medium
1659446476373,43.0,43,43,low
1655925499215,111.0,111,111,medium
1656388121444,6.0,6,6,low
1656613225347,46.0,46,46,low
1655970698484,8.0,8,8,low
1658268469015,18.0,18,18,low
1656034919532,59.0,59,59,medium
1655968181946,141.0,141,141,medium
1656119149238,163.0,163,163,high
1657093586168,162.0,162,162,high
1656074117684,97.0,97,97,medium
1657083381346,115.0,115,115,medium
1657101269515,57.0,57,57,medium
1656378497832,363.0,363,363,high
1656411592755,97.0,97,97,medium
1656561426490,73.0,73,73,medium
1658511409410,46.0,46,46,low
1657111396524,80.0,80,80,medium
1658493656175,43.0,43,43,low
1657104708164,167.0,167,167,high
1655931909365,23.0,23,23,low
1658635312532,147.0,147,147,medium
1656419103710,239.0,239,239,high
1656359246005,239.0,239,239,high
1656084606932,36.0,36,36,low
1656171439950,13.0,13,13,low
1656228986228,169.0,169,169,high
1656394059761,83.0,83,83,medium
1657254818837,7.0,7,7,low
1656027759376,50.0,50,50,medium
1655966631241,111.0,111,111,medium
1655984637953,23.0,23,23,low
1656356187021,6.0,6,6,low
1655992516144,87.0,87,87,medium
1659138230798,43.0,43,43,low
1655977626465,15.0,15,15,low
1656355577165,92.0,92,92,medium
1657151593165,187.0,187,187,high
1658434033777,7.0,7,7,low
1657367048399,7.0,7,7,low
1658472225164,15.0,15,15,low
1656160433903,139.0,139,139,medium
1656393233905,38.0,38,38,low
1656573103683,7.0,7,7,low
1656421280384,28.0,28,28,low
1656358510481,116.0,116,116,medium
1657110457984,58.0,58,58,medium
1657235968871,7.0,7,7,low
1656376512391,127.0,127,127,medium
1656064623889,40.0,40,40,low
1656319940833,5.0,5,5,low
1656380011154,126.0,126,126,medium
1657153207137,18.0,18,18,low
1656073441346,112.0,112,112,medium
1656324609929,80.0,80,80,medium
1656498717364,92.0,92,92,medium
1656498612337,36.0,36,36,low
1656507663502,151.0,151,151,high
1656102303856,348.0,348,348,high
1657340613634,187.0,187,187,high
1656595974103,27.0,27,27,low
1656612697896,6.0,6,6,low
1658811804233,7.0,7,7,low
1655942489238,92.0,92,92,medium
1657105838536,105.0,105,105,medium
1655974299505,75.0,75,75,medium
1657402033474,257.0,257,257,high
1656326472828,87.0,87,87,medium
1656396035546,10.0,10,10,low
1657212783611,7.0,7,7,low
1656161787278,125.0,125,125,medium
1655983387868,104.0,104,104,medium
1658413141426,7.0,7,7,low
1656043459866,30.0,30,30,low
1656181185704,216.0,216,216,high
1656347733556,76.0,76,76,medium
1656563721157,340.0,340,340,high
1656252480966,6.0,6,6,low
1655952963755,61.0,61,61,medium
1657435430313,257.0,257,257,high
1659017599254,187.0,187,187,high
1656295055576,18.0,18,18,low
1655937873140,21.0,21,21,low
1656388103355,17.0,17,17,low
1658450574662,43.0,43,43,low
1658501177824,7.0,7,7,low
1656543380426,340.0,340,340,high
1656190064553,67.0,67,67,medium
1656002928657,198.0,198,198,high
1656106013142,111.0,111,111,medium
1657113473402,6.0,6,6,low
1656281328449,29.0,29,29,low
1657305991511,43.0,43,43,low
1655933765778,27.0,27,27,low
1656000035150,67.0,67,67,medium
1657189632871,43.0,43,43,low
1657206759214,7.0,7,7,low
1657253856628,7.0,7,7,low
1657162444606,7.0,7,7,low
1657276098444,7.0,7,7,low
1656593310094,72.0,72,72,medium
1656610857458,102.0,102,102,medium
1656088208588,102.0,102,102,medium
1656146788865,107.0,107,107,medium
1657210759734,59.0,59,59,medium
1656181043628,21.0,21,21,low
1655946142574,28.0,28,28,low
1659785600559,187.0,187,187,high
1655988805059,100.0,100,100,medium
1655999632153,43.0,43,43,low
1659366373569,187.0,187,187,high
1656132288436,119.0,119,119,medium
1656433229212,28.0,28,28,low
1656338852351,111.0,111,111,medium
1656497582643,57.0,57,57,medium
1657174447420,36.0,36,36,low
1656223097950,12.0,12,12,low
1659166309077,7.0,7,7,low
1656138738232,60.0,60,60,medium
1656218079345,7.0,7,7,low
1657250245458,7.0,7,7,low
1656090531681,256.0,256,256,high
1658539593036,7.0,7,7,low
1656517876418,30.0,30,30,low
1656615016688,57.0,57,57,medium
1656235077028,59.0,59,59,medium
1656371574010,7.0,7,7,low
1658685059214,7.0,7,7,low
1656164989032,175.0,175,175,high
1657101598619,79.0,79,79,medium
1656249931308,8.0,8,8,low
1656087852833,244.0,244,244,high
1656378451648,65.0,65,65,medium
1656611777288,57.0,57,57,medium
1656355503559,71.0,71,71,medium
1655954526134,41.0,41,41,low
1656581698110,8.0,8,8,low
1657462277767,43.0,43,43,low
1658398626020,7.0,7,7,low
1656349952925,10.0,10,10,low
1656264873611,180.0,180,180,high
1658409186698,187.0,187,187,high
1657191611987,30.0,30,30,low
1655954754641,116.0,116,116,medium
1658274223878,118.0,118,118,medium
1656599945028,131.0,131,131,medium
1656277079900,170.0,170,170,high
1658439892198,43.0,43,43,low
1658517724658,257.0,257,257,high
1656537387907,23.0,23,23,low
1657088453468,11.0,11,11,low
1656295686960,180.0,180,180,high
1656314096499,25.0,25,25,low
1656354544878,124.0,124,124,medium
1656165352492,24.0,24,24,low
1655997445998,13.0,13,13,low
1656542616303,189.0,189,189,high
1656290986746,100.0,100,100,medium
1656140962933,27.0,27,27,low
1657365239561,187.0,187,187,high
1658358751285,43.0,43,43,low
1656076898363,119.0,119,119,medium
1656104418750,34.0,34,34,low
1656303892634,137.0,137,137,medium
1656363012843,30.0,30,30,low
1658654868834,7.0,7,7,low
1656383144754,76.0,76,76,medium
1656234643550,156.0,156,156,high
1656165101151,57.0,57,57,medium
1655997577722,7.0,7,7,low
1656114611821,19.0,19,19,low
1656393628272,116.0,116,116,medium
1656383507021,265.0,265,265,high
1656200962491,10.0,10,10,low
1657295852170,7.0,7,7,low
1656133840533,155.0,155,155,high
1656082631798,25.0,25,25,low
1656159946556,51.0,51,51,medium
1656005902831,20.0,20,20,low
1656488060084,16.0,16,16,low
1658600315775,187.0,187,187,high
1656274377250,195.25,193,196,high
1657293510191,30.0,30,30,low
1656393964139,10.0,10,10,low
1655913482552,99.0,99,99,medium
1656388696153,11.0,11,11,low
1656243998644,494.0,494,494,high
1656074305425,25.0,25,25,low
1657115858067,7.0,7,7,low
1656119908533,290.0,290,290,high
1656002973858,97.0,97,97,medium
1656233624674,13.0,13,13,low
1656415531861,80.0,80,80,medium
1657259724811,7.0,7,7,low
1656098260110,8.0,8,8,low
1655969615552,195.0,195,195,high
1657173417408,214.0,214,214,high
1658412448297,7.0,7,7,low
1655930725966,119.0,119,119,medium
1657119496351,49.0,49,49,low
1656238633082,348.0,348,348,high
1656009530699,39.0,39,39,low
1655967617428,23.0,23,23,low
1657156224816,7.0,7,7,low
1656141984749,38.0,38,38,low
1657157639870,7.0,7,7,low
1656202604441,62.0,62,62,medium
1656014745746,6.0,6,6,low
1656152287000,23.0,23,23,low
1656262244438,26.0,26,26,low
1655993633427,9.0,9,9,low
1657129158771,20.0,20,20,low
1657102889094,141.0,141,141,medium
1655982091512,105.0,105,105,medium
1655954763517,109.0,109,109,medium
1655969105405,63.0,63,63,medium
1658700054626,40.0,40,40,low
1656106839222,17.0,17,17,low
1656124943017,13.0,13,13,low
1657097975564,107.0,107,107,medium
1656039568054,38.0,38,38,low
1656275535391,227.0,227,227,high
1656016595677,13.0,13,13,low
1655965633672,147.0,147,147,medium
1656530763078,86.0,86,86,medium
1656326314287,35.0,35,35,low
1658271404385,212.0,212,212,high
1656165439398,23.0,23,23,low
1657171687851,7.0,7,7,low
1658301937975,7.0,7,7,low
1656138350399,112.0,112,112,medium
1656551515576,78.0,78,78,medium
1658364917607,187.0,187,187,high
1657137573396,7.0,7,7,low
1655997240576,71.0,71,71,medium
1656536943517,20.0,20,20,low
1656575430791,9.0,9,9,low
1656331623929,116.0,116,116,medium
1656300079344,86.0,86,86,medium
1656214329938,105.0,105,105,medium
1656580754453,179.0,179,179,high
1656361573825,6.0,6,6,low
1656035423386,36.0,36,36,low
1656037573821,166.0,166,166,high
1656306912703,17.0,17,17,low
1656328306205,189.0,189,189,high
1656250016598,72.0,72,72,medium
1656029245473,66.0,66,66,medium
1656192296682,171.0,171,171,high
1657200677548,7.0,7,7,low
1656232407809,290.0,290,290,high
1655952361694,155.0,155,155,high
1656315287863,304.0,304,304,high
1658394330855,7.0,7,7,low
1656068151497,20.0,20,20,low
1655993790143,113.0,113,113,medium
1656005915229,140.0,140,140,medium
1658331984720,7.0,7,7,low
1657376864721,8.0,8,8,low
1656285744381,13.0,13,13,low
1658367939767,187.0,187,187,high
1656532691645,15.0,15,15,low
1658797585691,257.0,257,257,high
1656535876779,119.0,119,119,medium
1656401583228,154.0,154,154,high
1657176204076,63.0,63,63,medium
1657118124280,64.0,64,64,medium
1656571637117,52.0,52,52,medium
1655971862233,262.0,262,262,high
1658373592101,187.0,187,187,high
1656080593084,80.0,80,80,medium
1656127974848,8.0,8,8,low
1657150861429,43.0,43,43,low
1656013680642,35.0,35,35,low
1655968957146,217.5,215,225,high
1658962086665,7.0,7,7,low
1658280371510,43.0,43,43,low
1658760940575,7.0,7,7,low
1657348956466,7.0,7,7,low
1656279137235,162.0,162,162,high
1656204551419,8.0,8,8,low
1656485074641,9.0,9,9,low
1656488363867,158.0,158,158,high
1656171733662,27.0,27,27,low
1656503148398,162.0,162,162,high
1655929883854,135.0,135,135,medium
1656012816078,334.0,334,334,high
1656399180389,32.0,32,32,low
1656618827324,25.0,25,25,low
1656571884205,54.0,54,54,medium
1655952327994,11.0,11,11,low
1656602060468,101.0,101,101,medium
1656429230517,6.0,6,6,low
1656004862168,87.0,87,87,medium
1656110770033,36.0,36,36,low
1656393005651,10.0,10,10,low
1656469677670,81.0,81,81,medium
1657152887781,7.0,7,7,low
1656180072878,144.0,144,144,medium
1657368850439,7.0,7,7,low
1658352507271,7.0,7,7,low
1658988745250,43.0,43,43,low
1658990872829,43.0,43,43,low
1656351345023,55.0,55,55,medium
1655975850300,55.0,55,55,medium
1655913539448,41.0,34,48,low
1656469969812,58.0,58,58,medium
1656387775215,144.0,144,144,medium
1658377637998,43.0,43,43,low
1656061386964,151.0,151,151,high
1656560974495,61.0,61,61,medium
1656408613757,32.0,32,32,low
1656560571105,28.0,28,28,low
1656399306872,8.0,8,8,low
1657132675039,17.0,17,17,low
1658671030067,7.0,7,7,low
1658763794448,7.0,7,7,low
1658553670702,7.0,7,7,low
1657301153222,7.0,7,7,low
1656616041566,81.0,81,81,medium
1656259481428,81.0,81,81,medium
1655921859950,6.0,6,6,low
1656108043069,116.0,116,116,medium
1659247039465,61.0,61,61,medium
1659189229952,7.0,7,7,low
1657096702411,176.0,176,176,high
1656516094366,36.0,36,36,low
1657186548192,187.0,187,187,high
1656252537598,175.0,175,175,high
1658393490846,7.0,7,7,low
1657336085289,166.0,166,166,high
1656170958848,78.0,78,78,medium
1656013656746,57.0,57,57,medium
1656533685009,7.0,7,7,low
1656305836435,151.0,151,151,high
1657078567018,115.0,115,115,medium
1658452291132,257.0,257,257,high
1655969227644,105.0,105,105,medium
1656161950625,36.0,36,36,low
1656194489107,6.0,6,6,low
1656260087860,17.0,17,17,low
1656183954068,228.0,228,228,high
1656229927425,326.0,326,326,high
1656215384327,8.0,8,8,low
1656372560415,33.0,33,33,low
1655917489596,6.0,6,6,low
1657363901526,27.0,27,27,low
1656407447513,125.0,125,125,medium
1656262533907,118.0,118,118,medium
1655927834509,113.0,113,113,medium
1656238715746,166.0,166,166,high
1656151471598,175.0,175,175,high
1656259615716,26.0,26,26,low
1656157913003,299.0,299,299,high
1658492451502,257.0,257,257,high
1657110502910,7.0,7,7,low
1656052402451,6.0,6,6,low
1655906895645,286.0,286,286,high
1655945795754,142.0,142,142,medium
1655947337236,19.0,19,19,low
1656587415651,340.0,340,340,high
1655996489257,86.0,86,86,medium
1656161288507,23.0,23,23,low
1655996400633,222.5,221,223,high
1658543944255,257.0,257,257,high
1656614196990,96.0,96,96,medium
1656583240414,377.0,377,377,high
1656390323406,30.0,30,30,low
1656095619714,8.0,8,8,low
1658680866717,43.0,43,43,low
1658728343188,7.0,7,7,low
1658287661646,43.0,43,43,low
1656607496020,6.0,6,6,low
1656150782657,10.0,10,10,low
1655953062694,107.0,107,107,medium
1659402115057,43.0,43,43,low
1657330611697,7.0,7,7,low
1656130428948,40.0,40,40,low
1656075336438,6.0,6,6,low
1656086834911,8.0,8,8,low
1656413974467,288.0,288,288,high
1657189274029,166.0,166,166,high
1655961522945,84.0,84,84,medium
1656165500995,6.0,6,6,low
1656037400240,52.0,52,52,medium
1656370322146,72.0,72,72,medium
1657102967675,285.0,285,285,high
1656336786565,238.0,238,238,high
1656550182925,8.0,8,8,low
1656614087014,340.0,340,340,high
1658451321565,93.0,93,93,medium
1655935231410,101.0,101,101,medium
1656577769700,112.0,112,112,medium
1656403409774,127.0,127,127,medium
1656414272138,364.0,364,364,high
1656479659512,6.0,6,6,low
1657248273620,7.0,7,7,low
1656227500281,179.0,179,179,high
1656577542578,61.0,61,61,medium
1656038768483,28.0,28,28,low
1657213178390,257.0,257,257,high
1657407334384,7.0,7,7,low
1657280243354,166.0,166,166,high
1656533110260,8.0,8,8,low
1656110374234,45.0,45,45,low
1656312373650,166.0,166,166,high
1656249081901,57.0,57,57,medium
1656163452207,73.0,73,73,medium
1658955353219,7.0,7,7,low
1656248923797,54.0,54,54,medium
1655986063827,8.0,8,8,low
1658973440404,7.0,7,7,low
1656097531257,62.0,62,62,medium
1655967893663,66.0,66,66,medium
1655956160656,117.0,117,117,medium
1657114332309,258.0,258,258,high
1655940494865,56.0,56,56,medium
1656104910516,162.0,162,162,high
1658274383361,7.0,7,7,low
1657123225498,457.75,457,460,high
1656284491598,121.0,121,121,medium
1656126470672,139.0,139,139,medium
1656083662105,8.0,8,8,low
1656047871554,350.5,348,353,high
1655964432466,397.0,397,397,high
1656278002595,65.0,65,65,medium
1656002459502,8.0,8,8,low
1656404525940,65.0,65,65,medium
1655925662694,8.0,8,8,low
1656334282729,39.0,39,39,low
1656386267924,234.0,234,234,high
1656330229208,33.0,33,33,low
1658296154873,43.0,43,43,low
1656204676933,193.0,193,193,high
1656308402804,106.0,106,106,medium
1656333260045,6.0,6,6,low
1658325684434,43.0,43,43,low
1656014974084,9.0,9,9,low
1657391826961,43.0,43,43,low
1656055326130,147.0,147,147,medium
1656195552350,10.0,10,10,low
1655934826954,26.0,26,26,low
1656057619199,37.0,37,37,low
1656069508101,208.0,208,208,high
1655971032732,23.0,23,23,low
1655927951786,7.0,7,7,low
1657272258942,7.0,7,7,low
1658475880576,82.0,82,82,medium
1657340376917,7.0,7,7,low
1656425833492,64.0,64,64,medium
1656615163943,13.0,13,13,low
1656351202044,11.0,11,11,low
1656386279282,133.0,133,133,medium
1657234210910,7.0,7,7,low
1655929978696,23.0,23,23,low
1657226185238,7.0,7,7,low
1656606467759,340.0,340,340,high
1655942906596,111.0,111,111,medium
1655930997903,8.0,8,8,low
1656262813824,155.0,155,155,high
1655975568849,169.0,169,169,high
1656122331438,7.0,7,7,low
1656083983914,271.0,271,271,high
1656166398962,94.0,94,94,medium
1655939285689,29.0,29,29,low
1655962580676,100.0,100,100,medium
1657429078389,7.0,7,7,low
1655917900288,21.0,21,21,low
1656199512069,225.0,225,225,high
1656176715250,7.0,7,7,low
1656130962166,213.0,213,213,high
1655912637814,162.0,162,162,high
1656268097947,20.0,20,20,low
1656345747039,36.0,36,36,low
1657337398018,187.0,187,187,high
1657083446230,21.0,21,21,low
1655933788387,440.0,440,440,high
1657296431263,7.0,7,7,low
1657367840896,7.0,7,7,low
1655940325358,172.0,172,172,high
1656559064606,25.0,25,25,low
1655929634654,92.0,92,92,medium
1657173458905,30.0,30,30,low
1656573383896,169.0,169,169,high
1656267960630,11.0,11,11,low
1657326915456,7.0,7,7,low
1657335440124,30.0,30,30,low
1656620153175,143.0,143,143,medium
1656589542312,70.0,70,70,medium
1655977583872,82.0,82,82,medium
1659958647995,187.0,187,187,high
1655992766668,85.0,85,85,medium
1656370165204,61.0,61,61,medium
1656524694477,57.0,57,57,medium
1656319005785,70.0,70,70,medium
1657163026151,257.0,257,257,high
1656285640467,40.0,40,40,low
1656588149231,8.0,8,8,low
1656046489337,19.0,19,19,low
1656284591836,10.0,10,10,low
1657140556586,253.0,253,253,high
1657088825477,64.0,64,64,medium
1656412130580,28.0,28,28,low
1658349700761,7.0,7,7,low
1656153020071,165.0,165,165,high
1655944390720,148.0,148,148,medium
1658390750529,81.0,81,81,medium
1657128246256,10.0,10,10,low
1656033401531,31.0,31,31,low
1658542039931,7.0,7,7,low
1656515565821,26.0,26,26,low
1656234320440,6.0,6,6,low
1657320919121,7.0,7,7,low
1657268693902,30.0,30,30,low
1659036311937,7.0,7,7,low
1656406350876,299.0,299,299,high
1656604491440,80.0,80,80,medium
1656158924101,13.0,13,13,low
1656361707401,13.0,13,13,low
1655967712795,40.0,40,40,low
1657315337858,43.0,43,43,low
1658344598657,43.0,43,43,low
1656419428551,259.0,259,259,high
1656093485472,151.0,151,151,high
1656394411000,6.0,6,6,low
1656145832641,259.0,259,259,high
1656376726636,111.0,111,111,medium
1656485418309,159.0,159,159,high
1658735610642,43.0,43,43,low
1658370378530,43.0,43,43,low
1656402130361,109.0,109,109,medium
1657100835294,234.0,234,234,high
1658943450381,48.0,48,48,low
1656517812552,25.0,25,25,low
1656329378627,115.0,115,115,medium
1656380810652,25.0,25,25,low
1656291360951,251.0,251,251,high
1656426792579,66.0,66,66,medium
1656044830230,16.0,16,16,low
1656277867507,25.0,25,25,low
1656245474854,44.0,44,44,low
1656010490923,173.0,173,173,high
1656423362307,111.0,111,111,medium
1656351005837,7.0,7,7,low
1656137529632,17.0,17,17,low
1656554036483,76.0,76,76,medium
1656208152268,160.0,160,160,high
1656295086857,241.0,241,241,high
1659198790537,137.0,137,137,medium
1656037492398,161.0,161,161,high
1656357632750,7.0,7,7,low
1656580965799,62.0,62,62,medium
1655978398211,151.0,151,151,high
1656102415647,120.0,120,120,medium
1656396756316,6.0,6,6,low
1656527101163,266.0,266,266,high
1656385260856,76.0,76,76,medium
1659088566432,43.0,43,43,low
1656079769001,112.0,112,112,medium
1656218126277,27.0,27,27,low
1656396365640,32.0,32,32,low
1656014499605,176.0,176,176,high
1658463812188,257.0,257,257,high
1656230745119,103.0,103,103,medium
1656184753050,100.0,100,100,medium
1656066975944,227.0,227,227,high
1655981591906,12.0,12,12,low
1655927952299,195.0,195,195,high
1658430284326,7.0,7,7,low
1656397547220,10.0,10,10,low
1657220214641,187.0,187,187,high
1656011847348,205.0,205,205,high
1656248115823,371.0,371,371,high
1656437552689,96.0,96,96,medium
1657107350874,292.0,292,292,high
1657174303044,7.0,7,7,low
1656552042581,95.0,95,95,medium
1656583779212,77.0,77,77,medium
1657423655018,257.0,257,257,high
1655994023556,106.0,106,106,medium
1657209632859,7.0,7,7,low
1657118179739,14.0,14,14,low
1656574949428,340.0,340,340,high
1656201429390,67.0,67,67,medium
1656150268031,6.0,6,6,low
1655991935979,110.0,110,110,medium
1656116566084,379.0,379,379,high
1656520128537,6.0,6,6,low
1656585071762,105.0,105,105,medium
1655954614633,132.0,132,132,medium
1656073157247,75.0,75,75,medium
1656228820945,271.0,271,271,high
1658375940411,7.0,7,7,low
1656250676026,142.0,142,142,medium
1655962752646,150.0,150,150,medium
1655978526341,46.0,46,46,low
1658374742258,43.0,43,43,low
1656031802087,270.0,270,270,high
1656328011985,6.0,6,6,low
1656182215601,6.0,6,6,low
1656002101646,67.0,67,67,medium
1657350891488,7.0,7,7,low
1658290777215,7.0,7,7,low
1657143918393,41.0,34,48,low
1657096349391,197.0,197,197,high
1656552913100,8.0,8,8,low
1655969748864,41.0,41,41,low
1655930198684,221.0,221,221,high
1656015656578,73.0,73,73,medium
1656321419260,11.0,11,11,low
1656538811729,36.0,36,36,low
1656185862339,62.0,50,66,medium
1657129107955,36.0,36,36,low
1656204087138,7.0,7,7,low
1656028251686,164.0,164,164,high
1656406063438,43.0,43,43,low
1655985169184,319.0,319,319,high
1656075482567,15.0,15,15,low
1656169388754,29.0,29,29,low
1656211358605,30.0,30,30,low
1658315452876,43.0,43,43,low
1656007976408,132.0,132,132,medium
1656084492223,113.0,113,113,medium
1656119029034,132.0,132,132,medium
1656302497466,144.0,144,144,medium
1659282831902,7.0,7,7,low
1655931098022,379.0,379,379,high
1656153474173,114.0,114,114,medium
1655892578253,115.0,115,115,medium
1657241408156,43.0,43,43,low
1656196417530,34.0,34,34,low
1656025684733,38.0,38,38,low
1656164276297,241.0,241,241,high
1656363010542,79.0,79,79,medium
1657333631117,43.0,43,43,low
1655958112197,8.0,8,8,low
1659716039519,7.0,7,7,low
1655993781482,93.0,93,93,medium
1656051480541,271.0,271,271,high
1655948837594,159.0,159,159,high
1657249610383,43.0,43,43,low
1656551277081,8.0,8,8,low
1656448400895,340.0,340,340,high
1658270782678,43.0,43,43,low
1656033270120,121.0,121,121,medium
1655927079089,7.0,7,7,low
1655910535927,78.0,78,78,medium
1656070037126,45.0,45,45,low
1658288369118,42.0,42,42,low
1656149467516,47.0,47,47,low
1657350032943,7.0,7,7,low
1656197172360,33.0,33,33,low
1656126438309,48.0,48,48,low
1657452372557,43.0,43,43,low
1656165190941,17.0,17,17,low
1656579671921,30.0,30,30,low
1656335516527,16.0,16,16,low
1656374945261,60.0,60,60,medium
1657098307787,165.0,165,165,high
1658955047693,7.0,7,7,low
1656277401084,17.0,17,17,low
1656282001451,20.0,20,20,low
1655976228453,8.0,8,8,low
1656161527923,183.0,183,183,high
1656511605584,19.0,19,19,low
1657145806800,172.0,172,172,high
1656131968365,19.0,19,19,low
1656360184183,15.0,15,15,low
1655908797125,146.0,146,146,medium
1655934447022,8.0,8,8,low
1655970051607,40.0,40,40,low
1656260954501,30.0,30,30,low
1656329225734,112.0,112,112,medium
1655924883117,235.0,235,235,high
1656025420153,25.0,25,25,low
1656057083502,8.0,8,8,low
1656585237691,86.0,86,86,medium
1657211737510,187.0,187,187,high
1657148426467,260.0,260,260,high
1656511003907,197.0,197,197,high
1656506067116,28.0,28,28,low
1655949597135,35.0,35,35,low
1655972844471,36.0,36,36,low
1656374342332,45.0,45,45,low
1656615572721,112.0,112,112,medium
1657343270858,7.0,7,7,low
1656078338101,72.0,72,72,medium
1657166436887,43.0,43,43,low
1656250330347,185.0,185,185,high
1656226585250,220.0,220,220,high
1656172838429,33.0,33,33,low
1656400269931,193.0,193,193,high
1655937034994,33.0,33,33,low
1656316226865,154.0,154,154,high
1656594303982,10.0,10,10,low
1656610158485,86.0,86,86,medium
1656267373125,80.0,80,80,medium
1659562728030,43.0,43,43,low
1656474631905,26.0,14,30,low
1657290980843,30.0,30,30,low
1657113323851,54.5,18,90,medium
1657159905031,43.0,43,43,low
1656057442136,504.0,504,504,high
1655989525282,33.0,33,33,low
1656026561263,169.0,169,169,high
1656533425109,137.0,137,137,medium
1656251213045,160.0,160,160,high
1657210841969,7.0,7,7,low
1656395619049,323.0,323,323,high
1656301583602,168.0,168,168,high
1658377177309,43.0,43,43,low
1657142227558,120.0,120,120,medium
1656557458972,23.0,23,23,low
1656588233584,111.0,111,111,medium
1656403327150,169.0,169,169,high
1656503665459,6.0,6,6,low
1656497857091,43.0,43,43,low
1655976715857,61.0,61,61,medium
1656607282899,195.25,193,196,high
1657418232868,7.0,7,7,low
1657260700131,201.0,201,201,high
1657145176851,125.0,125,125,medium
1656098209820,45.0,45,45,low
1656097513512,13.0,13,13,low
1655941867276,155.0,155,155,high
1657253136833,187.0,187,187,high
1656312565660,393.0,393,393,high
1655908558345,487.0,487,487,high
1657120867707,156.0,156,156,high
1657267390640,15.0,15,15,low
1656308349656,38.0,38,38,low
1657146409408,257.0,257,257,high
1656569420174,52.0,52,52,medium
1656339965825,314.0,314,314,high
1656160418386,111.0,111,111,medium
1655990852652,163.0,163,163,high
1656291469984,59.0,59,59,medium
1655989126166,143.0,143,143,medium
1656607816074,302.0,302,302,high
1656268653927,51.0,51,51,medium
1656113736905,8.0,8,8,low
1656094958613,11.0,11,11,low
1657281040180,7.0,7,7,low
1655969267333,17.0,17,17,low
1656074187584,149.0,149,149,medium
1658482204966,7.0,7,7,low
1656236273088,30.0,30,30,low
1655973515832,8.0,8,8,low
1656403091676,62.0,62,62,medium
1657260056555,30.0,30,30,low
1656407793822,154.0,154,154,high
1656125803817,8.0,8,8,low
1656333370051,359.0,359,359,high
1657250559967,7.0,7,7,low
1656254444328,105.0,105,105,medium
1656282572283,120.0,120,120,medium
1659605720206,7.0,7,7,low
1655923226120,74.0,74,74,medium
1656256938268,311.0,311,311,high
1657209432487,61.0,61,61,medium
1657115745115,66.0,66,66,medium
1656560697693,340.0,340,340,high
1656320855708,7.0,7,7,low
1655900047326,41.0,34,48,low
1656170505622,19.0,19,19,low
1657349944751,7.0,7,7,low
1657098745971,106.0,106,106,medium
1655902573853,27.0,27,27,low
1655968185444,25.0,25,25,low
1656379385389,8.0,8,8,low
1655974960226,72.0,72,72,medium
1658444508482,43.0,43,43,low
1656031754107,62.0,62,62,medium
1655962756564,48.0,48,48,low
1657221066725,43.0,43,43,low
1656593636670,164.0,164,164,high
1656574354572,6.0,6,6,low
1656067358367,86.0,86,86,medium
1656322017999,13.0,13,13,low
1656062529231,61.0,61,61,medium
1657284444743,30.0,30,30,low
1656590375238,7.0,7,7,low
1656129311218,58.0,58,58,medium
1656287675697,28.0,28,28,low
1658321322126,257.0,257,257,high
1655935363536,26.0,26,26,low
1657392954235,7.0,7,7,low
1657129622990,7.0,7,7,low
1656064698811,13.0,13,13,low
1655956829750,125.0,125,125,medium
1658348454282,280.0,280,280,high
1658459515119,43.0,43,43,low
1658964159654,563.0,563,563,high
1656279973669,567.0,567,567,high
1656582632419,20.0,20,20,low
1657101984520,133.0,133,133,medium
1656222327454,189.0,189,189,high
1656547934529,85.0,85,85,medium
1658559847425,43.0,43,43,low
1658370931308,7.0,7,7,low
1656046860459,57.0,57,57,medium
1656249772050,235.0,235,235,high
1656588110931,24.0,24,24,low
1656598366282,32.0,32,32,low
1656076997748,67.0,67,67,medium
1656488135509,8.0,8,8,low
1656518959411,10.0,10,10,low
1656034636650,116.0,116,116,medium
1656006943029,75.0,75,75,medium
1656609759200,14.0,14,14,low
1656283848566,26.0,26,26,low
1658341281268,7.0,7,7,low
1656093216350,238.0,238,238,high
1655894094887,415.0,415,415,high
1656419308575,224.0,224,224,high
1655990573959,71.0,71,71,medium
1656092076739,557.0,557,557,high
1656407524947,42.0,42,42,low
1657288373490,7.0,7,7,low
1657156643666,390.0,390,390,high
1659284213099,43.0,43,43,low
1655993461456,114.0,114,114,medium
1656020009632,56.0,56,56,medium
1655940617067,151.0,151,151,high
1656050848130,100.0,100,100,medium
1657128460534,297.0,297,297,high
1657253132589,30.0,30,30,low
1656230547148,40.0,40,40,low
1656229211172,18.0,18,18,low
1658927669203,43.0,43,43,low
1656165488717,60.0,60,60,medium
1658402202245,7.0,7,7,low
1655979308920,211.0,211,211,high
1656349526757,65.0,65,65,medium
1656582145154,8.0,8,8,low
1656602146136,10.0,10,10,low
1659053706896,43.0,43,43,low
1658369208862,7.0,7,7,low
1658959657852,184.0,184,184,high
1658433593672,43.0,43,43,low
1656116474221,13.0,13,13,low
1656087459051,169.0,169,169,high
1656260345218,23.0,23,23,low
1656021450434,85.0,85,85,medium
1655907336831,178.0,178,178,high
1656436303798,90.0,90,90,medium
1656004248737,60.0,60,60,medium
1656036791280,281.0,281,281,high
1658271829657,7.0,7,7,low
1655936375113,8.0,8,8,low
1657341123580,43.0,43,43,low
1656468233162,8.0,8,8,low
1655954470633,346.0,346,346,high
1655923509661,138.0,138,138,medium
1656195597837,90.0,90,90,medium
1656109441756,40.0,40,40,low
1657363713888,7.0,7,7,low
1656379517251,245.0,245,245,high
1656045460240,63.0,63,63,medium
1656203668249,12.0,12,12,low
1656254395927,64.0,64,64,medium
1656512711141,29.0,29,29,low
1657160204161,7.0,7,7,low
1657214163919,19.0,19,19,low
1656028872241,42.0,42,42,low
1655936949829,70.0,70,70,medium
1655957119418,37.0,37,37,low
1658354304847,187.0,187,187,high
1655902104737,181.0,181,181,high
1656003119571,314.0,314,314,high
1656576826016,58.0,58,58,medium
1657238135987,7.0,7,7,low
1656549223111,128.0,128,128,medium
1656183117441,22.0,22,22,low
1655948978881,58.0,58,58,medium
1655997376269,94.0,94,94,medium
1656598189563,33.0,33,33,low
1656547406875,12.0,12,12,low
1655949248146,137.0,137,137,medium
1656004042411,108.0,108,108,medium
1657400468860,187.0,187,187,high
1656408610501,170.0,170,170,high
1658316209977,40.0,40,40,low
1657154005156,43.0,43,43,low
1655961098035,100.0,100,100,medium
1656084585269,80.0,80,80,medium
1658479514218,43.0,43,43,low
1656613466973,6.0,6,6,low
1656571729484,39.0,39,39,low
1657209030635,53.0,53,53,medium
1655924869753,279.0,279,279,high
1659428013049,7.0,7,7,low
1656313482136,88.0,88,88,medium
1656118822097,101.0,101,101,medium
1657137580098,7.0,7,7,low
1658589914423,43.0,43,43,low
1656401443275,112.0,112,112,medium
1656499858786,51.0,51,51,medium
1655994276002,233.0,233,233,high
1656159937317,43.0,43,43,low
1656141331700,8.0,8,8,low
1657147279191,129.0,129,129,medium
1656586257562,107.0,107,107,medium
1656017835712,198.0,198,198,high
1656335964746,177.0,177,177,high
1657204357285,30.0,30,30,low
1656515584173,293.0,293,293,high
1658421293814,43.0,43,43,low
1658269025237,181.0,181,181,high
1655913205238,297.0,297,297,high
1656362119185,28.0,28,28,low
1656340298057,20.0,20,20,low
1658342733665,187.0,187,187,high
1655988892347,52.0,52,52,medium
1655968708876,111.0,111,111,medium
1655981936015,12.0,12,12,low
1656568880126,89.0,89,89,medium
1656147208691,271.0,271,271,high
1656097914668,172.0,172,172,high
1656183327042,9.0,9,9,low
1658477705552,288.0,288,288,high
1656615142406,142.0,142,142,medium
1656024057621,271.0,271,271,high
1656016905759,169.0,169,169,high
1656293107646,7.0,7,7,low
1658688791571,257.0,257,257,high
1656372859270,27.0,27,27,low
1655977145883,18.0,18,18,low
1658288991620,43.0,43,43,low
1658403372778,7.0,7,7,low
1656035105932,61.0,61,61,medium
1658869473154,7.0,7,7,low
1657176535561,7.0,7,7,low
1656268393621,295.5,295,296,high
1656111757485,173.0,173,173,high
1657290980075,7.0,7,7,low
1657094155753,155.0,155,155,high
1656322471896,127.0,127,127,medium
1656324798631,75.0,75,75,medium
1655929222521,123.0,123,123,medium
1656600952091,87.0,87,87,medium
1656486814728,520.0,520,520,high
1658511416337,187.0,187,187,high
1655929431683,24.0,24,24,low
1655958138302,8.0,8,8,low
1656358047082,84.0,84,84,medium
1656471569385,56.0,56,56,medium
1656289505780,50.0,50,50,medium
1655997883906,58.0,58,58,medium
1656572182770,67.0,67,67,medium
1658511604670,43.0,43,43,low
1655935831850,56.0,56,56,medium
1656109900488,6.0,6,6,low
1656322625078,8.0,8,8,low
1656404797041,219.0,219,219,high
1656130823133,51.0,51,51,medium
1655981008443,87.0,87,87,medium
1655989965858,197.0,197,197,high
1656021986703,101.0,101,101,medium
1656540952270,84.0,84,84,medium
1656616396397,48.5,41,52,low
1656359716546,12.0,12,12,low
1656462934633,8.0,8,8,low
1657354120517,43.0,43,43,low
1657195255662,166.0,166,166,high
1657235300808,257.0,257,257,high
1657375048914,7.0,7,7,low
1657120677092,166.0,166,166,high
1658682284872,43.0,43,43,low
1656000500226,286.0,286,286,high
1656262280365,12.0,12,12,low
1655935066353,237.0,237,237,high
1657239664130,7.0,7,7,low
1655913635475,296.0,296,296,high
1656029354374,8.0,8,8,low
1656180329569,15.0,15,15,low
1659499806391,7.0,7,7,low
1658284853596,43.0,43,43,low
1656305559299,28.0,28,28,low
1657225008908,7.0,7,7,low
1656331712807,32.0,32,32,low
1656163431831,166.0,166,166,high
1656410914851,23.0,23,23,low
1656522947212,130.0,130,130,medium
1656249858028,117.0,117,117,medium
1657192035014,43.0,43,43,low
1657209988732,7.0,7,7,low
1656098202000,31.0,31,31,low
1658329860965,43.0,43,43,low
1656147987907,33.0,33,33,low
1658758132997,169.0,169,169,high
1656235869496,90.0,90,90,medium
1656061040190,8.0,8,8,low
1655908368098,61.0,61,61,medium
1656379684415,36.0,36,36,low
1656146174165,36.0,36,36,low
1657162297734,7.0,7,7,low
1657317838249,7.0,7,7,low
1656160093586,8.0,8,8,low
1656189069930,13.0,13,13,low
1656492285921,49.0,49,49,low
1656135172855,59.0,59,59,medium
1658854021594,67.0,67,67,medium
1658401790161,58.0,58,58,medium
1656547403646,81.0,81,81,medium
1656087579279,46.0,46,46,low
1657320186903,187.0,187,187,high
1658294504454,187.0,187,187,high
1656600693942,412.0,412,412,high
1656205631124,7.0,7,7,low
1657360173445,7.0,7,7,low
1656316924545,154.0,154,154,high
1658306270550,257.0,257,257,high
1657331704683,43.0,43,43,low
1658468051366,43.0,43,43,low
1656457003988,38.0,38,38,low
1657231568696,7.0,7,7,low
1656553544885,28.0,28,28,low
1656357985138,151.0,151,151,high
1657201299560,7.0,7,7,low
1656172338470,137.0,137,137,medium
1657097914606,234.0,234,234,high
1656113200138,8.0,8,8,low
1656377731767,87.0,87,87,medium
1656567550954,159.0,159,159,high
1657358645044,43.0,43,43,low
1656528232407,191.0,191,191,high
1656334726582,115.0,115,115,medium
1656258098436,43.0,43,43,low
1658498965447,43.0,43,43,low
1658327292857,7.0,7,7,low
1655919627551,272.0,272,272,high
1656245281535,28.0,28,28,low
1656145952449,28.0,28,28,low
1656050628501,7.0,7,7,low
1656350052328,139.0,139,139,medium
1656025460013,60.0,60,60,medium
1656534366688,123.0,123,123,medium
1656158525873,33.0,33,33,low
1656606643002,115.0,115,115,medium
1659054593861,43.0,43,43,low
1656447339156,89.0,89,89,medium
1655988316107,23.0,23,23,low
1655991696495,340.0,340,340,high
1658874629210,43.0,43,43,low
1656557624005,144.0,144,144,medium
1657378937788,43.0,43,43,low
1656030311073,62.0,62,62,medium
1655937075571,72.0,72,72,medium
1658326554700,7.0,7,7,low
1656284388968,767.0,767,767,high
1657190898152,7.0,7,7,low
1656065389249,28.0,28,28,low
1655896545632,169.0,169,169,high
1658315730798,187.0,187,187,high
1657087072373,85.0,85,85,medium
1656507049532,80.0,80,80,medium
1657211076138,7.0,7,7,low
1656235500286,47.0,47,47,low
1656287042572,38.0,38,38,low
1657190237010,18.0,18,18,low
1656187616260,338.0,338,338,high
1655931591834,105.0,105,105,medium
1657206225515,30.0,30,30,low
1657314578267,7.0,7,7,low
1656419612142,195.25,193,196,high
1656187420931,61.0,61,61,medium
1657142222119,212.0,212,212,high
1655963679133,100.0,100,100,medium
1658300593766,7.0,7,7,low
1656492313861,301.0,301,301,high
1656599199927,30.0,30,30,low
1655915916704,54.0,54,54,medium
1657197290429,257.0,257,257,high
1659698150041,43.0,43,43,low
1656575828165,202.0,202,202,high
1656094574721,65.0,65,65,medium
1656008533721,360.5,355,364,high
1656149315068,306.0,306,306,high
1657320298031,43.0,43,43,low
1658283363913,70.0,70,70,medium
1656318820030,161.0,161,161,high
1656364216375,234.0,234,234,high
1660156017442,7.0,7,7,low
1655937484422,143.0,143,143,medium
1658698359594,7.0,7,7,low
1656190709299,202.0,202,202,high
1656030842534,94.0,94,94,medium
1656040240031,138.0,138,138,medium
1656097397244,124.0,124,124,medium
1656190560445,10.0,10,10,low
1655989526153,23.0,23,23,low
1656527240749,31.0,31,31,low
1656332083245,21.0,21,21,low
1656026765860,23.0,23,23,low
1656370810935,6.0,6,6,low
1656199122317,46.0,46,46,low
1657358165538,7.0,7,7,low
1658527605910,7.0,7,7,low
1658350492104,43.0,43,43,low
1657185735840,166.0,166,166,high
1658400894135,43.0,43,43,low
1656554031731,137.0,137,137,medium
1656374297994,59.0,59,59,medium
1656257764091,8.0,8,8,low
1655953149116,31.0,31,31,low
1656187831552,13.0,13,13,low
1656293885069,162.0,162,162,high
1658456061233,7.0,7,7,low
1656533105868,64.0,64,64,medium
1656189351915,22.0,22,22,low
1655942399048,172.0,172,172,high
1656005950684,219.0,219,219,high
1656393213021,14.0,14,14,low
1657440270333,7.0,7,7,low
1656290484284,161.0,161,161,high
1656570013962,91.0,91,91,medium
1656345769345,32.0,32,32,low
1655936199992,86.0,86,86,medium
1656072998593,8.0,8,8,low
1657406852816,28.0,28,28,low
1656365492900,43.0,43,43,low
1655972751234,144.0,144,144,medium
1656172275693,43.0,43,43,low
1658551838882,7.0,7,7,low
1656299558470,14.0,14,14,low
1656044645077,28.0,28,28,low
1656306627763,72.0,72,72,medium
1656385220097,10.0,10,10,low
1655985584530,83.0,83,83,medium
1656138883034,81.0,81,81,medium
1658541474037,43.0,43,43,low
1655896648167,224.0,224,224,high
1656517201502,157.0,157,157,high
1658667607229,43.0,43,43,low
1656092278982,281.0,281,281,high
1656314491872,51.0,51,51,medium
1655973707865,15.0,15,15,low
1656081313690,510.0,510,510,high
1656540532822,28.0,28,28,low
1655987847997,156.0,156,156,high
1656119260425,8.0,8,8,low
1656254977327,252.0,252,252,high
1657359961524,7.0,7,7,low
1657088540329,14.0,14,14,low
1656140320455,141.0,141,141,medium
1656232444742,234.0,234,234,high
1656360086426,60.0,60,60,medium
1656558321090,8.0,8,8,low
1656464401325,166.0,166,166,high
1656128093334,13.0,13,13,low
1655946944710,30.0,30,30,low
1658377636506,220.0,220,220,high
1658708878016,43.0,43,43,low
1655988536959,11.0,11,11,low
1656601009668,8.0,8,8,low
1655989029858,36.0,36,36,low
1656147700581,6.0,6,6,low
1655925101627,8.0,8,8,low
1655912991488,26.0,26,26,low
1657234840134,457.0,457,457,high
1656219361751,7.0,7,7,low
1656293705451,7.0,7,7,low
1657163218877,7.0,7,7,low
1655972947946,23.0,23,23,low
1656437550244,216.0,216,216,high
1656038633704,95.0,95,95,medium
1656112798229,157.0,157,157,high
1656549762567,36.0,36,36,low
1656261561310,61.0,61,61,medium
1656470933173,48.0,48,48,low
1656365800527,19.0,19,19,low
1656142803051,94.0,94,94,medium
1658306726952,28.0,28,28,low
1656120365053,53.0,53,53,medium
1656091532406,77.0,77,77,medium
1657198251267,7.0,7,7,low
1658428229357,257.0,257,257,high
1656265814289,8.0,8,8,low
1656044775429,7.0,7,7,low
1656046128401,57.0,57,57,medium
1658358366178,187.0,187,187,high
1656211605803,63.0,63,63,medium
1656132765437,6.0,6,6,low
1657096988355,162.0,162,162,high
1658307662361,184.0,184,184,high
1657110170774,58.0,58,58,medium
1658363424774,187.0,187,187,high
1656329516915,171.0,171,171,high
1656556107673,61.0,61,61,medium
1655985765144,8.0,8,8,low
1656390435556,34.0,34,34,low
1656343631829,132.0,132,132,medium
1658269264914,207.0,207,207,high
1656387753407,93.0,93,93,medium
1657406260547,257.0,257,257,high
1658426398407,120.0,120,120,medium
1658637156741,257.0,257,257,high
1657367565230,43.0,43,43,low
1658290474922,7.0,7,7,low
1657376860688,257.0,257,257,high
1657213780397,34.0,34,34,low
1658263002281,36.0,36,36,low
1656107351219,6.0,6,6,low
1655930919967,104.0,104,104,medium
1656189052566,29.0,29,29,low
1657187265589,30.0,30,30,low
1657393371463,7.0,7,7,low
1655973324168,53.0,53,53,medium
1656004574728,41.0,34,48,low
1656010265848,55.0,55,55,medium
1655911670025,250.0,250,250,high
1658300067684,7.0,7,7,low
1657279946858,30.0,30,30,low
1659078493886,43.0,43,43,low
1656359346665,55.0,55,55,medium
1655956371648,72.0,72,72,medium
1656076611098,38.0,38,38,low
1656150924164,356.75,344,361,high
1655979560506,117.0,117,117,medium
1656136731266,32.0,32,32,low
1657435113469,30.0,30,30,low
1656124919090,30.0,30,30,low
1655948927379,8.0,8,8,low
1656103409437,145.75,145,147,medium
1656241569397,58.0,58,58,medium
1656193635962,6.0,6,6,low
1656489855195,33.0,33,33,low
1656392282848,8.0,8,8,low
1656230257018,166.0,166,166,high
1656013258076,166.0,166,166,high
1656242213479,166.0,166,166,high
1657109385533,76.0,76,76,medium
1655986571859,12.0,12,12,low
1656197604358,54.0,54,54,medium
1655980026892,13.0,13,13,low
1657277654661,7.0,7,7,low
1657319452863,257.0,257,257,high
1656276502866,95.0,95,95,medium
1657438190115,7.0,7,7,low
1658269360083,75.0,75,75,medium
1656150398542,50.0,50,50,medium
1656272830016,38.0,38,38,low
1656243938720,22.0,22,22,low
1656339152667,157.0,157,157,high
1657201178734,257.0,257,257,high
1656247401225,121.0,121,121,medium
1656108754362,197.0,197,197,high
1656231976499,33.0,33,33,low
1656265809294,28.0,28,28,low
1656033363821,19.0,19,19,low
1657201675724,43.0,43,43,low
1658634916193,187.0,187,187,high
1656324582354,99.0,99,99,medium
1657221868871,30.0,30,30,low
1656179582170,67.0,67,67,medium
1656287740446,43.0,43,43,low
1656213825879,173.0,173,173,high
1655969845884,241.0,241,241,high
1655944443794,290.0,290,290,high
1657168827614,43.0,43,43,low
1659037902541,43.0,43,43,low
1657219604675,7.0,7,7,low
1658318596210,230.0,230,230,high
1658681112119,7.0,7,7,low
1658599784250,220.0,220,220,high
1658285962664,187.0,187,187,high
1658283824109,43.0,43,43,low
1657385611743,179.0,179,179,high
1656489492036,34.0,34,34,low
1659142475910,187.0,187,187,high
1655966101562,53.0,53,53,medium
1656551314897,129.0,129,129,medium
1656168360649,25.0,25,25,low
1657175698236,289.0,289,289,high
1656060624226,271.0,271,271,high
1656212049251,6.0,6,6,low
1656235379915,27.0,27,27,low
1656509543487,87.0,87,87,medium
1658267411866,187.0,187,187,high
1656152448998,21.0,21,21,low
1656311396748,140.0,140,140,medium
1655957671738,397.0,397,397,high
1656272356136,217.5,215,225,high
1657445873227,7.0,7,7,low
1656013744843,13.0,13,13,low
1656157151850,230.0,230,230,high
1656187368632,43.0,43,43,low
1656560893369,8.0,8,8,low
1657094339068,48.0,48,48,low
1656396369038,114.0,114,114,medium
1656570465019,87.0,87,87,medium
1657158904538,174.0,174,174,high
1656303774923,7.0,7,7,low
1656026388003,66.0,66,66,medium
1657381459229,43.0,43,43,low
1656104763434,112.0,112,112,medium
1658331894993,187.0,187,187,high
1656574948445,135.25,133,136,medium
1656022095712,11.0,11,11,low
1656267448807,37.0,37,37,low
1656133403819,1234.0,1234,1234,high
1656171284067,48.0,48,48,low
1658391764916,7.0,7,7,low
1657131627380,8.0,8,8,low
1658704116884,43.0,43,43,low
1656307843236,13.0,13,13,low
1658834868730,7.0,7,7,low
1656522415184,238.0,238,238,high
1656062442618,130.0,130,130,medium
1656546087099,384.0,384,384,high
1656202029661,132.0,132,132,medium
1655984777142,6.0,6,6,low
1657077608921,70.0,70,70,medium
1655903952684,114.0,114,114,medium
1658287264969,43.0,43,43,low
1655967787307,8.0,8,8,low
1656150155068,44.0,44,44,low
1656405272286,123.0,123,123,medium
1657227013826,257.0,257,257,high
1659006909915,43.0,43,43,low
1658272659971,43.0,43,43,low
1657157357452,139.0,139,139,medium
1656138774858,151.0,151,151,high
1657146278264,7.0,7,7,low
1656613489685,340.0,340,340,high
1656000046221,185.0,185,185,high
1659105333327,58.0,58,58,medium
1658267646594,25.0,25,25,low
1656248992058,8.0,8,8,low
1658497137683,102.0,102,102,medium
1657237817556,43.0,43,43,low
1657363708081,43.0,43,43,low
1656164937598,178.0,178,178,high
1656140270546,51.0,51,51,medium
1656593369167,340.0,340,340,high
1655998459416,42.0,42,42,low
1656356937625,7.0,7,7,low
1656189990282,96.0,96,96,medium
1657225778478,7.0,7,7,low
1656168054994,37.0,37,37,low
1656019087494,299.0,299,299,high
1656132694418,66.0,66,66,medium
1657176891452,56.0,56,56,medium
1656330219647,335.0,335,335,high
1656022537134,110.0,110,110,medium
1656024676958,182.0,182,182,high
1656068479210,59.0,59,59,medium
1658466345105,7.0,7,7,low
1656327690430,37.0,37,37,low
1656008819676,229.0,229,229,high
1656343581344,82.0,82,82,medium
1657158364786,63.0,63,63,medium
1656444587936,241.75,236,249,high
1657170538058,7.0,7,7,low
1658390774976,43.0,43,43,low
1656150630456,57.0,57,57,medium
1656246537727,179.0,179,179,high
1657269949559,187.0,187,187,high
1656289941100,41.0,41,41,low
1655919059777,65.0,65,65,medium
1657301586520,30.0,30,30,low
1656537701321,95.0,95,95,medium
1655982647330,253.0,253,253,high
1657187728109,187.0,187,187,high
1656275046170,172.0,172,172,high
1656324009965,8.0,8,8,low
1655959592179,15.0,15,15,low
1656167125901,316.0,316,316,high
1660004171123,7.0,7,7,low
1657260567826,184.0,184,184,high
1656351785584,18.0,18,18,low
1656374991328,17.0,17,17,low
1657102724868,65.0,65,65,medium
1657139982050,123.0,123,123,medium
1656181457193,230.0,230,230,high
1657352940824,187.0,187,187,high
1656613959375,94.0,94,94,medium
1657113378186,43.0,43,43,low
1655943862547,116.0,116,116,medium
1656031338233,6.0,6,6,low
1657092680774,202.0,202,202,high
1656108050167,173.0,173,173,high
1656318187545,7.0,7,7,low
1656239369316,29.0,29,29,low
1655942740937,105.0,105,105,medium
1660007987712,43.0,43,43,low
1658393309368,7.0,7,7,low
1657104145523,130.0,130,130,medium
1656052476753,21.0,21,21,low
1656037267272,56.0,56,56,medium
1656070343426,139.0,139,139,medium
1658716095904,7.0,7,7,low
1657251168039,30.0,30,30,low
1656097016015,85.0,84,86,medium
1656580233651,43.0,43,43,low
1656189560418,141.0,141,141,medium
1656173461754,8.0,8,8,low
1655995656447,281.0,281,281,high
1657188369954,166.0,166,166,high
1655932366570,229.0,229,229,high
1656054005040,30.0,30,30,low
1658338927952,43.0,43,43,low
1656583773585,25.0,25,25,low
1656391091145,17.0,17,17,low
1656186439581,144.0,144,144,medium
1656578002684,105.0,105,105,medium
1655892866327,41.0,34,48,low
1657277538540,257.0,257,257,high
1656115768085,34.0,34,34,low
1656280189849,66.0,66,66,medium
1656028875607,39.0,39,39,low
1655938884351,246.0,246,246,high
1656018775100,7.0,7,7,low
1655934704102,44.0,44,44,low
1658343501122,7.0,7,7,low
1656003564196,171.0,171,171,high
1658331538414,43.0,43,43,low
1656000482368,50.5,49,51,medium
1655967518908,29.0,29,29,low
1658384574414,7.0,7,7,low
1657232588510,187.0,187,187,high
1658383155122,7.0,7,7,low
1657145861212,257.0,257,257,high
1659034413290,187.0,187,187,high
1657434597978,43.0,43,43,low
1657133381697,8.0,8,8,low
1655995720347,23.0,23,23,low
1658341464010,7.0,7,7,low
1655982282462,61.0,61,61,medium
1657396198618,7.0,7,7,low
1656602427882,145.0,145,145,medium
1655929910252,218.0,218,218,high
1656118243713,434.0,434,434,high
1655933227088,150.0,150,150,medium
1656407188654,166.0,166,166,high
1656314567499,18.0,18,18,low
1658428955775,7.0,7,7,low
1657311305539,43.0,43,43,low
1656058454478,8.0,8,8,low
1656110596560,161.0,161,161,high
1656154408544,6.0,6,6,low
1656306229998,34.0,34,34,low
1655889198380,151.0,151,151,high
1658371198461,43.0,43,43,low
1658290078188,43.0,43,43,low
1656143628992,121.0,121,121,medium
1656198666136,219.0,219,219,high
1658363465645,43.0,43,43,low
1656460515267,18.0,18,18,low
1656130189048,144.0,144,144,medium
1658402198683,28.0,28,28,low
1656274230396,27.0,27,27,low
1657197138536,30.0,30,30,low
1656400830229,46.0,46,46,low
1658438883422,43.0,43,43,low
1656289160849,6.0,6,6,low
1658655165393,7.0,7,7,low
1656525285468,58.0,58,58,medium
1655930912758,6.0,6,6,low
1655913904715,175.0,175,175,high
1656040459989,62.0,62,62,medium
1656112543469,8.0,8,8,low
1656344907565,109.0,109,109,medium
1656343842923,232.0,232,232,high
1656597790869,454.0,454,454,high
1657378937366,7.0,7,7,low
1655967319732,119.0,119,119,medium
1658407772317,7.0,7,7,low
1656610417015,64.0,64,64,medium
1658607440121,43.0,43,43,low
1656159591060,418.0,418,418,high
1656270558298,381.0,381,381,high
1656268247314,249.0,249,249,high
1656223277029,34.0,34,34,low
1656154596620,92.0,92,92,medium
1657228922124,7.0,7,7,low
1656584602935,8.0,8,8,low
1657109624325,30.0,30,30,low
1657096312408,62.0,62,62,medium
1656284785753,111.0,111,111,medium
1656230852958,46.0,46,46,low
1657141459711,43.0,43,43,low
1655949199418,166.0,166,166,high
1656460231410,283.0,283,283,high
1656414156710,112.0,112,112,medium
1657145645804,43.0,43,43,low
1655946564436,15.0,15,15,low
1656371269703,173.0,173,173,high
1656341463103,27.0,27,27,low
1659706286202,187.0,187,187,high
1657309116146,7.0,7,7,low
1658569764809,7.0,7,7,low
1656446328743,72.0,72,72,medium
1656593499212,429.0,429,429,high
1656167997053,186.0,186,186,high
1656130818655,175.0,175,175,high
1658700770984,43.0,43,43,low
1658407087618,7.0,7,7,low
1656147186450,108.0,108,108,medium
1658350632431,7.0,7,7,low
1656305008587,495.0,495,495,high
1658355977554,37.0,37,37,low
1658299239085,7.0,7,7,low
1657277818769,7.0,7,7,low
1657127726644,468.0,468,468,high
1656157074236,271.0,271,271,high
1656339248526,33.0,33,33,low
1655934384882,235.0,235,235,high
1655904998632,36.0,36,36,low
1655961162655,113.0,113,113,medium
1656123032926,354.0,354,354,high
1656321181095,30.0,30,30,low
1655976389151,6.0,6,6,low
1656352032250,126.0,126,126,medium
1656283236438,129.0,129,129,medium
1656057018749,140.0,140,140,medium
1657281467090,30.0,30,30,low
1658436236622,43.0,43,43,low
1656300525950,29.0,29,29,low
1657128887808,257.0,257,257,high
1656078665000,8.0,8,8,low
1656418718376,34.0,34,34,low
1656143303305,36.0,36,36,low
1657169125269,6.0,6,6,low
1655971954185,94.0,94,94,medium
1657132180618,56.0,56,56,medium
1656205327762,446.0,446,446,high
1656031848441,8.0,8,8,low
1657119008841,178.0,178,178,high
1658331830564,7.0,7,7,low
1655914134214,120.0,120,120,medium
1655988482141,54.0,54,54,medium
1656124285668,26.0,26,26,low
1657222688933,257.0,257,257,high
1656265080982,200.0,200,200,high
1658260061507,20.0,20,20,low
1656179244029,52.0,52,52,medium
1658499119928,7.0,7,7,low
1656245542329,92.0,92,92,medium
1658590723941,43.0,43,43,low
1656082564574,93.0,93,93,medium
1656260274683,77.0,77,77,medium
1659091834191,257.0,257,257,high
1656294528805,89.0,89,89,medium
1655967360734,36.0,36,36,low
1658332356770,187.0,187,187,high
1656387330644,198.0,198,198,high
1657232579229,7.0,7,7,low
1659175892403,184.0,184,184,high
1656062161642,269.0,269,269,high
1656041024365,51.0,51,51,medium
1656551824992,75.0,75,75,medium
1656020488366,108.0,108,108,medium
1655916762916,151.0,151,151,high
1657114713019,529.0,529,529,high
1657164803904,187.0,187,187,high
1656601478675,350.0,350,350,high
1657126868113,187.0,187,187,high
1655936911271,225.0,225,225,high
1657260812298,7.0,7,7,low
1656586654954,234.0,234,234,high
1660266336567,187.0,187,187,high
1657167183086,166.0,166,166,high
1656013154430,174.0,174,174,high
1656529936630,32.0,32,32,low
1657376787656,187.0,187,187,high
1659093593735,43.0,43,43,low
1658583074901,7.0,7,7,low
1656214451302,21.0,21,21,low
1656165104222,13.0,13,13,low
1657253232536,7.0,7,7,low
1656334641747,61.0,61,61,medium
1656300694433,35.0,35,35,low
1657339081863,30.0,30,30,low
1656545816656,52.0,52,52,medium
1655936156900,157.0,157,157,high
1658497992089,43.0,43,43,low
1659909134389,43.0,43,43,low
1657224365427,257.0,257,257,high
1656516902300,225.0,225,225,high
1658337984813,7.0,7,7,low
1656181794001,91.0,91,91,medium
1655991811452,8.0,8,8,low
1658492121013,43.0,43,43,low
1655956976331,157.0,157,157,high
1656395626304,68.0,68,68,medium
1657170112709,166.0,166,166,high
1656465038198,84.0,84,84,medium
1656126958433,166.0,166,166,high
1656058300462,33.0,33,33,low
1657335213902,7.0,7,7,low
1656204667006,171.0,171,171,high
1655965886216,33.0,33,33,low
1658470377187,187.0,187,187,high
1658504475610,134.0,134,134,medium
1656000463092,28.0,28,28,low
1656205998365,11.0,11,11,low
1655921439572,142.0,142,142,medium
1655922949144,30.0,30,30,low
1656465358030,17.0,17,17,low
1657258398556,8.0,8,8,low
1655912094060,146.0,146,146,medium
1656152003899,55.0,55,55,medium
1658567087014,7.0,7,7,low
1656300486457,97.0,97,97,medium
1657199680913,30.0,30,30,low
1656105438950,66.0,66,66,medium
1657424828879,7.0,7,7,low
1656238157165,367.0,367,367,high
1656067414354,181.0,181,181,high
1656186887250,66.0,66,66,medium
1656481525882,6.0,6,6,low
1656146705938,17.0,17,17,low
1655994914109,52.0,52,52,medium
1655988907093,104.0,104,104,medium
1656116077334,28.0,28,28,low
1656362444161,16.0,16,16,low
1655974630555,68.0,68,68,medium
1658480493872,43.0,43,43,low
1658319671632,7.0,7,7,low
1656554107168,70.0,70,70,medium
1658326940814,43.0,43,43,low
1656525351031,26.0,26,26,low
1658522431075,43.0,43,43,low
1656612541948,55.0,55,55,medium
1656411169479,19.0,19,19,low
1656466995314,263.0,263,263,high
1656336635784,21.0,21,21,low
1656408151818,36.0,36,36,low
1656193838740,44.0,44,44,low
1656590026880,197.0,197,197,high
1657333241467,19.0,19,19,low
1656223229728,30.0,30,30,low
1656135341171,147.0,146,148,medium
1657193428279,30.0,30,30,low
1655931764583,27.0,27,27,low
1656076999679,17.0,17,17,low
1655995241431,29.0,29,29,low
1656592668170,72.0,72,72,medium
1658382879092,43.0,43,43,low
1656032052932,120.0,120,120,medium
1659064925390,43.0,43,43,low
1656560234954,50.0,50,50,medium
1656169388008,29.0,29,29,low
1658338878121,43.0,43,43,low
1658531106778,7.0,7,7,low
1655928654086,46.0,46,46,low
1656351419316,18.0,18,18,low
1659029335276,7.0,7,7,low
1658472735629,43.0,43,43,low
1657316797090,154.0,154,154,high
1656097251314,21.0,21,21,low
1656151448139,286.0,286,286,high
1655904394619,150.0,150,150,medium
1656544227620,8.0,8,8,low
1656309439335,8.0,8,8,low
1656009614959,100.0,100,100,medium
1657154448304,64.0,64,64,medium
1656574155973,17.0,17,17,low
1656041582385,107.0,107,107,medium
1657170575874,207.0,207,207,high
1656588161563,34.0,34,34,low
1658553455814,7.0,7,7,low
1655904210757,64.0,64,64,medium
1657415736247,43.0,43,43,low
1655916171225,150.0,150,150,medium
1656538612786,6.0,6,6,low
1656490314057,254.0,254,254,high
1657133383657,7.0,7,7,low
1658514180481,187.0,187,187,high
1658935329288,7.0,7,7,low
1656259020164,137.0,137,137,medium
1658850871210,41.0,37,49,low
1657295877418,257.0,257,257,high
1656237595338,68.0,68,68,medium
1656140200807,52.0,52,52,medium
1656195287292,23.0,23,23,low
1658401058889,257.0,257,257,high
1658363619315,43.0,43,43,low
1656255233126,121.0,121,121,medium
1656019954179,736.0,736,736,high
1657405766924,7.0,7,7,low
1657417538050,7.0,7,7,low
1656154979464,45.0,45,45,low
1656376508624,192.0,192,192,high
1656368455553,128.0,128,128,medium
1657179828956,7.0,7,7,low
1655915025584,113.0,113,113,medium
1655992105207,401.0,401,401,high
1658662196020,43.0,43,43,low
1658725374087,43.0,43,43,low
1656497104188,83.0,83,83,medium
1655999508331,101.0,101,101,medium
1658894493500,43.0,43,43,low
1656120119939,169.0,169,169,high
1657353957583,43.0,43,43,low
1655948711535,130.0,130,130,medium
1656600312140,22.0,22,22,low
1656389391912,87.0,87,87,medium
1656270306008,54.0,54,54,medium
1656214031584,77.0,77,77,medium
1657235200746,7.0,7,7,low
1655928253485,207.0,207,207,high
1658292746328,174.0,174,174,high
1657348068012,43.0,43,43,low
1656304877878,8.0,8,8,low
1656357427330,39.0,39,39,low
1655935635553,92.0,92,92,medium
1657198893834,7.0,7,7,low
1657163415396,7.0,7,7,low
1656234115444,25.0,25,25,low
1658294296471,187.0,187,187,high
1655956856613,101.0,101,101,medium
1656383081442,27.0,27,27,low
1656125135455,62.0,62,62,medium
1656617075494,62.0,62,62,medium
1657239051951,7.0,7,7,low
1659295026057,43.0,43,43,low
1657157981979,92.0,92,92,medium
1657089860652,16.0,16,16,low
1657124496280,170.0,170,170,high
1656258635144,156.0,156,156,high
1655943159373,38.0,38,38,low
1656290017034,21.0,21,21,low
1656363396843,277.0,277,277,high
1655955982610,249.0,249,249,high
1656261803847,21.0,21,21,low
1655917040262,100.0,100,100,medium
1658592161200,7.0,7,7,low
1657283658790,166.0,166,166,high
1656497729403,74.0,74,74,medium
1656135921433,529.0,529,529,high
1656437713329,89.0,89,89,medium
1656217338319,14.0,14,14,low
1656315131145,180.0,180,180,high
1656461633643,19.0,19,19,low
1656374993045,113.0,113,113,medium
1658977071733,187.0,187,187,high
1656063874103,23.0,23,23,low
1656363190117,236.0,236,236,high
1656081771397,17.0,17,17,low
1656171430571,31.0,31,31,low
1655929294143,87.0,87,87,medium
1657123013858,257.0,257,257,high
1658390780099,257.0,257,257,high
1656516618405,66.0,66,66,medium
1655960818861,32.0,32,32,low
1656137718591,108.0,108,108,medium
1657263378869,43.0,43,43,low
1658536969455,43.0,43,43,low
1655966336388,23.0,23,23,low
1656059738371,35.0,35,35,low
1657133748772,43.0,43,43,low
1656379857645,23.0,23,23,low
1656435396570,84.0,84,84,medium
1658453819279,7.0,7,7,low
1656101290040,124.0,124,124,medium
1658449496895,109.0,109,109,medium
1655987554872,225.0,225,225,high
1658325260580,7.0,7,7,low
1655956830054,93.0,93,93,medium
1656365618063,166.0,166,166,high
1656026721242,159.0,159,159,high
1656437202424,89.0,89,89,medium
1656589241361,50.0,50,50,medium
1655969184509,166.0,166,166,high
1656063044692,49.0,49,49,low
1656561722022,36.0,36,36,low
1656009940941,19.0,19,19,low
1656544574755,200.0,200,200,high
1658435616112,187.0,187,187,high
1656583050009,83.0,83,83,medium
1657084441339,8.0,8,8,low
1656618294525,32.0,32,32,low
1656107137081,92.0,92,92,medium
1656392474976,40.0,40,40,low
1657345403613,7.0,7,7,low
1656568888454,23.0,23,23,low
1657250080560,7.0,7,7,low
1656005428308,217.0,217,217,high
1656102658469,355.0,355,355,high
1656344413280,8.0,8,8,low
1655963635448,175.0,175,175,high
1656122306672,30.0,30,30,low
1656552092203,38.0,38,38,low
1656127840654,207.0,207,207,high
1656438218822,15.0,15,15,low
1655968080755,161.0,161,161,high
1656569758393,55.0,55,55,medium
1657244430741,30.0,30,30,low
1657290913064,7.0,7,7,low
1656373998121,39.0,39,39,low
1656414765538,466.0,466,466,high
1656306678937,68.0,68,68,medium
1656211236702,68.0,68,68,medium
1657110313317,55.0,55,55,medium
1656502993261,6.0,6,6,low
1656579242671,199.0,199,199,high
1656041613081,7.0,7,7,low
1656170509892,124.0,124,124,medium
1657407225665,257.0,257,257,high
1655972691920,279.0,279,279,high
1656536452091,52.0,52,52,medium
1658489400966,122.0,122,122,medium
1659233608554,43.0,43,43,low
1656617209740,346.0,346,346,high
1657271582078,7.0,7,7,low
1656577741936,74.0,74,74,medium
1655956509255,121.0,121,121,medium
1656188005595,62.0,62,62,medium
1658571769984,43.0,43,43,low
1656033298289,281.0,281,281,high
1657205364117,166.0,166,166,high
1655980128192,138.0,138,138,medium
1656062854069,202.0,202,202,high
1656324394927,65.0,65,65,medium
1656128019517,97.0,97,97,medium
1656584751196,55.0,55,55,medium
1655985687906,86.0,86,86,medium
1655992874700,109.0,109,109,medium
1655990637760,345.0,345,345,high
1656433262630,267.0,267,267,high
1658451488689,187.0,187,187,high
1656291977930,87.0,87,87,medium
1655975009606,348.0,348,348,high
1657150840197,30.0,30,30,low
1657231713340,30.0,30,30,low
1658422411900,7.0,7,7,low
1656123251946,65.0,65,65,medium
1657401675344,7.0,7,7,low
1656162318754,18.0,18,18,low
1656248091246,14.0,14,14,low
1656316859595,98.0,98,98,medium
1657268617885,30.0,30,30,low
1656121133638,165.0,165,165,high
1656153049682,78.0,78,78,medium
1658560352686,43.0,43,43,low
1656221683362,171.0,171,171,high
1656116710528,226.0,226,226,high
1656353652221,54.0,54,54,medium
1658434032813,43.0,43,43,low
1656574003268,436.0,436,436,high
1655980247275,269.0,269,269,high
1655936835948,175.0,175,175,high
1655979446170,84.0,84,84,medium
1657442216294,43.0,43,43,low
1655953845533,48.0,48,48,low
1657232572226,26.0,26,26,low
1658954014257,7.0,7,7,low
1658406309751,7.0,7,7,low
1658777859086,43.0,43,43,low
1655920323287,164.0,164,164,high
1657253438412,187.0,187,187,high
1658355889000,15.0,15,15,low
1656223825376,26.0,26,26,low
1656021855734,257.0,257,257,high
1657309927802,7.0,7,7,low
1656561019283,28.0,28,28,low
1656302891687,72.0,72,72,medium
1656218882466,286.0,286,286,high
1656255916126,210.0,210,210,high
1656157241008,119.0,119,119,medium
1656127360172,15.0,15,15,low
1657425043200,7.0,7,7,low
1656252519409,54.0,54,54,medium
1657379676336,43.0,43,43,low
1656135265934,49.0,49,49,low
1656424161449,166.0,166,166,high
1658888528483,7.0,7,7,low
1656003532370,250.0,250,250,high
1657126788234,7.0,7,7,low
1657188111660,30.0,30,30,low
1658777087789,43.0,43,43,low
1656088018067,114.0,114,114,medium
1658927603038,7.0,7,7,low
1656587618957,219.0,219,219,high
1656132478098,41.0,41,41,low
1656016948950,15.0,15,15,low
1656164610194,110.0,110,110,medium
1658726920337,186.0,186,186,high
1656438777955,25.0,25,25,low
1657088863668,7.0,7,7,low
1656411737041,37.0,37,37,low
1655957278954,286.0,286,286,high
1656374286389,263.0,263,263,high
1656130782153,6.0,6,6,low
1656046439731,100.0,100,100,medium
1656534028063,7.0,7,7,low
1656306192332,8.0,8,8,low
1655906942196,81.0,81,81,medium
1656184221582,67.0,67,67,medium
1656555074249,217.0,217,217,high
1656556876232,43.0,43,43,low
1658437604259,43.0,43,43,low
1656428716505,114.0,114,114,medium
1656358131716,43.0,43,43,low
1656307980345,53.0,53,53,medium
1657245847889,130.0,130,130,medium
1658478394139,7.0,7,7,low
1655943255472,15.0,15,15,low
1656303484932,196.0,196,196,high
1657077118299,39.0,39,39,low
1657321911746,187.0,187,187,high
1656253025164,47.0,47,47,low
1656179109338,166.0,166,166,high
1658486840551,43.0,43,43,low
1656182643549,37.0,37,37,low
1656325974182,46.0,46,46,low
1656033469934,44.0,44,44,low
1656376429626,121.0,121,121,medium
1656043141239,24.0,24,24,low
1656071739132,110.0,110,110,medium
1657117102278,257.0,257,257,high
1658382093562,7.0,7,7,low
1657309951475,92.0,92,92,medium
1655938170927,37.0,37,37,low
1656550410820,130.0,130,130,medium
1657253014427,257.0,257,257,high
1656099638632,348.0,348,348,high
1656417917053,7.0,7,7,low
1656099175570,61.0,61,61,medium
1656254197430,114.0,114,114,medium
1656134570756,55.0,55,55,medium
1657372880179,30.0,30,30,low
1658507580065,43.0,43,43,low
1656163014796,15.0,15,15,low
1656000298570,44.0,44,44,low
1658330837932,7.0,7,7,low
1658570938599,43.0,43,43,low
1655915518923,244.0,244,244,high
1656365023403,127.0,127,127,medium
1656336452165,53.0,53,53,medium
1656375836603,78.0,78,78,medium
1656206501907,155.0,155,155,high
1656486381430,166.0,166,166,high
1656401989906,6.0,6,6,low
1655936072800,82.0,82,82,medium
1658468478959,43.0,43,43,low
1656257604946,191.0,191,191,high
1656617166903,126.0,126,126,medium
1657189171424,495.0,495,495,high
1655946787200,144.0,144,144,medium
1656237223170,198.0,198,198,high
1658548262790,43.0,43,43,low
1656369523842,90.0,90,90,medium
1656254011565,28.0,28,28,low
1656512622473,46.0,46,46,low
1659817231813,7.0,7,7,low
1656387571327,52.0,52,52,medium
1655943852934,230.0,230,230,high
1656213597653,55.0,55,55,medium
1656216199588,35.0,35,35,low
1656117743235,8.0,8,8,low
1656437924510,166.0,166,166,high
1656140473754,73.0,73,73,medium
1655943574634,8.0,8,8,low
1657082447592,111.0,111,111,medium
1656200951656,149.0,149,149,medium
1657233718564,43.0,43,43,low
1656042065032,46.0,46,46,low
1656201889647,154.0,154,154,high
1658785869076,187.0,187,187,high
1655928961796,170.0,170,170,high
1656140958982,151.0,151,151,high
1656597211017,16.0,16,16,low
1658284650108,7.0,7,7,low
1658395417092,187.0,187,187,high
1656053473447,168.0,168,168,high
1656375350431,191.0,191,191,high
1655948949694,26.0,26,26,low
1656545427179,209.0,209,209,high
1656493060909,6.0,6,6,low
1657354359750,257.0,257,257,high
1656404457078,107.0,107,107,medium
1657419167741,257.0,257,257,high
1656037521491,137.0,137,137,medium
1657424472131,7.0,7,7,low
1656248402028,51.0,51,51,medium
1658622536105,7.0,7,7,low
1655956888093,8.0,8,8,low
1656385205078,284.0,284,284,high
1658329978156,43.0,43,43,low
1658584638908,187.0,187,187,high
1656536029954,106.0,106,106,medium
1656562146451,15.0,15,15,low
1658362773093,7.0,7,7,low
1656017217556,172.0,172,172,high
1656130100353,190.0,190,190,high
1656467969459,361.0,361,361,high
1656065791033,86.0,86,86,medium
1656445617233,8.0,8,8,low
1656227804601,146.0,146,146,medium
1655928261753,165.0,165,165,high
1659005664505,7.0,7,7,low
1656391631763,288.0,288,288,high
1657216820852,69.0,69,69,medium
1656171501987,23.0,23,23,low
1656125523251,161.0,161,161,high
1656554587833,104.0,104,104,medium
1656559492283,41.0,41,41,low
1656424214980,25.0,25,25,low
1656051197281,139.0,139,139,medium
1655911555438,184.0,184,184,high
1657148721880,65.0,65,65,medium
1657463923280,7.0,7,7,low
1656435912431,21.0,21,21,low
1658341952034,43.0,43,43,low
1655961050369,247.0,247,247,high
1655981836126,47.0,47,47,low
1657452637072,7.0,7,7,low
1656296599535,83.0,83,83,medium
1656525518869,13.0,13,13,low
1658394904752,43.0,43,43,low
1657165377320,30.0,30,30,low
1656249837341,102.0,102,102,medium
1657355522604,30.0,30,30,low
1658589742882,43.0,43,43,low
1656260645632,151.0,151,151,high
1656006890638,26.0,26,26,low
1656263660548,120.0,120,120,medium
1655989720530,119.0,119,119,medium
1655920353296,383.0,383,383,high
1656333140037,65.0,65,65,medium
1655945975204,157.0,157,157,high
1656464800443,289.0,289,289,high
1656232461700,113.0,113,113,medium
1657151719036,7.0,7,7,low
1657222061223,7.0,7,7,low
1656184388877,67.0,67,67,medium
1656583688226,105.0,105,105,medium
1656518757432,168.0,168,168,high
1655984969730,208.0,208,208,high
1655903871748,147.0,147,147,medium
1658568569841,43.0,43,43,low
1657175135741,30.0,30,30,low
1658915839994,43.0,43,43,low
1656224793554,14.0,14,14,low
1657129996202,7.0,7,7,low
1656331248840,61.0,61,61,medium
1656080312904,259.0,259,259,high
1656168534478,6.0,6,6,low
1655946750372,7.0,7,7,low
1657111741299,7.0,7,7,low
1658489875721,43.0,43,43,low
1655916045122,9.0,9,9,low
1656178375823,200.0,200,200,high
1658418335685,187.0,187,187,high
1656088991846,14.0,14,14,low
1657238042770,43.0,43,43,low
1655942130873,202.0,202,202,high
1656158853224,23.0,23,23,low
1657104168336,13.0,13,13,low
1657083525893,166.0,166,166,high
1656065150743,32.0,32,32,low
1657454999867,47.0,47,47,low
1658561927315,7.0,7,7,low
1658526047721,7.0,7,7,low
1656033180581,17.0,17,17,low
1659421195198,43.0,43,43,low
1656491513093,85.0,85,85,medium
1655888853707,248.0,248,248,high
1656330431390,49.0,49,49,low
1656161830043,13.0,13,13,low
1656313017431,55.0,55,55,medium
1656045023132,175.0,175,175,high
1657094314694,7.0,7,7,low
1656358051665,277.0,277,277,high
1656312112632,9.0,9,9,low
1657379664110,187.0,187,187,high
1656095742313,8.0,8,8,low
1656595807904,7.0,7,7,low
1659775175639,187.0,187,187,high
1655967536943,67.0,67,67,medium
1656347476832,121.0,121,121,medium
1656146868639,123.0,123,123,medium
1656216431189,80.0,80,80,medium
1657347680904,7.0,7,7,low
1656202517748,61.0,61,61,medium
1656327851515,67.0,67,67,medium
1656259397125,31.0,31,31,low
1655999911799,372.0,372,372,high
1656368040310,36.0,36,36,low
1656399437336,80.0,80,80,medium
1658336224097,43.0,43,43,low
1657397000523,43.0,43,43,low
1655926833387,66.0,66,66,medium
1657164073690,187.0,187,187,high
1656124957147,27.0,27,27,low
1658423780209,187.0,187,187,high
1656461963957,8.0,8,8,low
1656367623746,135.0,135,135,medium
1656182047769,77.0,77,77,medium
1655984687234,7.0,7,7,low
1657380315004,234.0,234,234,high
1656372453167,7.0,7,7,low
1656004797367,33.0,33,33,low
1656461203745,112.0,112,112,medium
1656609957986,38.0,38,38,low
1656416981949,69.0,69,69,medium
1656196806355,172.0,172,172,high
1656198837396,93.0,93,93,medium
1656335580791,77.0,77,77,medium
1655914046768,109.0,109,109,medium
1656317639671,157.0,157,157,high
1656330019946,18.0,18,18,low
1655898704748,53.0,53,53,medium
1657112014555,258.0,258,258,high
1656319794129,73.0,73,73,medium
1655962109222,62.0,62,62,medium
1655898146770,151.0,151,151,high
1657321631895,187.0,187,187,high
1656122606873,88.0,88,88,medium
1656017576607,232.0,232,232,high
1657097052222,62.0,62,62,medium
1657325322188,43.0,43,43,low
1656133169648,36.0,36,36,low
1656026981433,39.0,38,42,low
1656305579132,18.0,18,18,low
1658493473607,43.0,43,43,low
1657192034650,278.0,278,278,high
1655902675324,145.0,145,145,medium
1655926445944,119.0,119,119,medium
1658346102406,257.0,257,257,high
1655976404163,6.0,6,6,low
1658797044191,43.0,43,43,low
1656139196080,190.0,190,190,high
1655969431832,57.0,57,57,medium
1656079372892,8.0,8,8,low
1656369186072,205.0,205,205,high
1657418114949,187.0,187,187,high
1657427898797,187.0,187,187,high
1656041286204,328.0,328,328,high
1656328367908,139.0,139,139,medium
1656077761245,57.0,57,57,medium
1658401662719,43.0,43,43,low
1656167299988,166.0,166,166,high
1655990660859,88.0,88,88,medium
1657078929157,139.0,139,139,medium
1657157193053,7.0,7,7,low
1657126316821,140.0,140,140,medium
1656226846838,39.0,39,39,low
1656543932292,43.0,43,43,low
1656415440127,32.0,32,32,low
1656593842940,59.0,59,59,medium
1656578563553,264.0,264,264,high
1655966441934,114.0,114,114,medium
1658954367246,7.0,7,7,low
1658530336086,7.0,7,7,low
1656315112834,490.0,490,490,high
1656141474159,151.0,151,151,high
1657291151765,166.0,166,166,high
1657413257806,7.0,7,7,low
1658952931098,7.0,7,7,low
1655930647764,36.0,36,36,low
1656134044132,21.0,21,21,low
1656584842863,340.0,340,340,high
1658301491703,7.0,7,7,low
1656096472295,8.0,8,8,low
1656385994634,198.0,198,198,high
1657292538156,43.0,43,43,low
1658993300846,619.0,619,619,high
1656167503417,136.0,136,136,medium
1656008345453,46.0,46,46,low
1656415134248,10.0,10,10,low
1656108004504,37.0,37,37,low
1656308251978,178.0,178,178,high
1657401771603,43.0,43,43,low
1656111632350,148.0,148,148,medium
1657204827785,7.0,7,7,low
1659062266637,7.0,7,7,low
1656599863401,167.0,167,167,high
1656532659309,61.0,61,61,medium
1656188738878,227.0,227,227,high
1655933557980,147.0,147,147,medium
1658487198023,43.0,43,43,low
1658374081871,43.0,43,43,low
1655976324273,127.0,127,127,medium
1657392938696,7.0,7,7,low
1656256803553,131.0,131,131,medium
1656194168558,240.0,240,240,high
1656414796904,290.0,290,290,high
1656608393171,119.0,119,119,medium
1655905563731,260.0,260,260,high
1658400890679,43.0,43,43,low
1655928794723,109.0,109,109,medium
1656289055885,303.0,303,303,high
1657198767212,43.0,43,43,low
1658281386912,187.0,187,187,high
1658575421341,43.0,43,43,low
1657166733084,30.0,30,30,low
1656287524776,96.0,96,96,medium
1656397617233,58.0,58,58,medium
1656120032110,38.0,38,38,low
1658628075158,72.0,72,72,medium
1656478477860,36.0,36,36,low
1656306340009,83.0,83,83,medium
1656236058894,182.0,182,182,high
1656051254382,33.0,33,33,low
1657275956677,43.0,43,43,low
1656003332704,51.0,51,51,medium
1658344934991,43.0,43,43,low
1656615558016,31.0,31,31,low
1657426762103,187.0,187,187,high
1655949776746,48.0,48,48,low
1657099427213,43.0,43,43,low
1655910658978,8.0,8,8,low
1658848848126,43.0,43,43,low
1657452304138,7.0,7,7,low
1656278216326,105.0,105,105,medium
1655939124747,156.0,156,156,high
1659402114367,187.0,187,187,high
1655967770495,101.0,101,101,medium
1656460657358,132.0,132,132,medium
1656399773530,139.0,139,139,medium
1656128926223,124.0,124,124,medium
1656131347206,190.0,190,190,high
1657125365584,7.0,7,7,low
1655890048313,476.0,476,476,high
1656384788647,100.0,100,100,medium
1656002885420,35.0,35,35,low
1656377940456,155.0,155,155,high
1659069825284,7.0,7,7,low
1657197298982,257.0,257,257,high
1656568084906,106.0,106,106,medium
1656326213667,47.0,47,47,low
1658284314266,43.0,43,43,low
1657100135068,86.0,86,86,medium
1656187010600,38.0,38,38,low
1656305018181,68.0,68,68,medium
1656542531485,219.0,219,219,high
1656247489116,86.0,86,86,medium
1656336675892,115.0,115,115,medium
1656033429354,185.0,185,185,high
1656134231155,86.0,86,86,medium
1656248097440,80.0,80,80,medium
1658267550800,7.0,7,7,low
1656027567237,151.0,151,151,high
1656564663349,89.0,89,89,medium
1658459110918,7.0,7,7,low
1656514414259,164.0,164,164,high
1658334617195,43.0,43,43,low
1656184585368,148.0,148,148,medium
1656617241680,91.0,91,91,medium
1656176010463,62.0,62,62,medium
1656342252820,195.0,195,195,high
1656170761179,134.0,134,134,medium
1656583149570,147.0,147,147,medium
1655988070030,37.0,37,37,low
1656360408207,77.0,77,77,medium
1656218945936,7.0,7,7,low
1656323755022,137.0,137,137,medium
1655995800992,59.0,59,59,medium
1658882397609,43.0,43,43,low
1658749697857,7.0,7,7,low
1658570930238,7.0,7,7,low
1655986288947,63.0,63,63,medium
1655978258267,30.0,30,30,low
1656299382614,349.0,349,349,high
1657164462975,310.0,310,310,high
1656353155631,253.0,253,253,high
1656593846959,39.0,39,39,low
1656091683200,22.0,22,22,low
1656095665288,129.0,129,129,medium
1656170643266,101.0,101,101,medium
1658502188141,43.0,43,43,low
1656473237132,118.0,118,118,medium
1658747456668,7.0,7,7,low
1656247158492,135.0,135,135,medium
1656271338983,51.0,51,51,medium
1656097406569,240.0,240,240,high
1657423372100,257.0,257,257,high
1656105606928,139.0,139,139,medium
1656358178623,134.5,134,135,medium
1656109269634,166.0,166,166,high
1656515281051,152.0,152,152,high
1656568068861,71.0,71,71,medium
1658313372268,7.0,7,7,low
1655968849055,6.0,6,6,low
1655933154298,160.0,160,160,high
1655930108749,165.0,165,165,high
1657113853246,268.0,268,268,high
1656106946472,51.0,51,51,medium
1658437052074,7.0,7,7,low
1656555782764,269.0,269,269,high
1657352232980,187.0,187,187,high
1656022322091,32.0,32,32,low
1656412075518,65.0,65,65,medium
1658689973097,43.0,43,43,low
1656350571561,8.0,8,8,low
1658783761296,43.0,43,43,low
1655972249032,43.0,43,43,low
1658496500796,43.0,43,43,low
1655914968316,334.0,334,334,high
1657358052328,184.0,184,184,high
1658849857207,257.0,257,257,high
1657225009464,43.0,43,43,low
1657120371995,257.0,257,257,high
1656242378651,56.0,56,56,medium
1657095501621,14.0,14,14,low
1658307230882,257.0,257,257,high
1656457936194,106.0,106,106,medium
1657197854025,187.0,187,187,high
1656494887912,175.0,175,175,high
1656034069251,92.0,92,92,medium
1658274246560,33.0,33,33,low
1656190403580,8.0,8,8,low
1656254750736,20.0,20,20,low
1658334330808,187.0,187,187,high
1656011953167,8.0,8,8,low
1655957784306,202.0,202,202,high
1656113484457,6.0,6,6,low
1657243803647,43.0,43,43,low
1657104997189,187.0,187,187,high
1656201935070,59.0,59,59,medium
1655974780609,15.0,15,15,low
1656081902838,59.0,59,59,medium
1655939033891,37.0,37,37,low
1655942751164,20.0,20,20,low
1655914425424,132.0,132,132,medium
1658333108222,7.0,7,7,low
1656281209390,7.0,7,7,low
1655963918717,60.0,60,60,medium
1656083732800,231.0,231,231,high
1655917655825,147.0,147,147,medium
1656541642423,142.0,142,142,medium
1656540798568,40.0,40,40,low
1655952560952,166.0,166,166,high
1656158075420,166.0,166,166,high
1657214418737,7.0,7,7,low
1657280696033,43.0,43,43,low
1658634183349,43.0,43,43,low
1656471139041,244.0,244,244,high
1658339168444,43.0,43,43,low
1656038563308,191.0,191,191,high
1659163471086,7.0,7,7,low
1656240181737,69.0,69,69,medium
1656193978879,120.0,120,120,medium
1656343905347,23.0,23,23,low
1657388316586,30.0,30,30,low
1657220227771,7.0,7,7,low
1656576161099,154.0,154,154,high
1656234126179,80.0,80,80,medium
1657280374886,7.0,7,7,low
1658391866528,43.0,43,43,low
1656178102379,224.0,224,224,high
1655997526449,147.0,147,147,medium
1657278995792,257.0,257,257,high
1657356133021,43.0,43,43,low
1656193610326,272.0,272,272,high
1658463820760,43.0,43,43,low
1658777668784,7.0,7,7,low
1656584290862,58.0,58,58,medium
1655958979869,128.0,128,128,medium
1656581344875,229.0,229,229,high
1656211728290,36.0,36,36,low
1656497074815,6.0,6,6,low
1656201317280,155.0,155,155,high
1655919026186,20.0,20,20,low
1656077116924,38.0,38,38,low
1656303520763,39.0,39,39,low
1656590298229,244.0,244,244,high
1656208621050,40.0,40,40,low
1657221671142,372.0,372,372,high
1656517097755,310.0,310,310,high
1656252229698,51.0,51,51,medium
1656521424890,78.0,78,78,medium
1656207752481,99.0,99,99,medium
1656258834974,43.0,43,43,low
1656337081571,151.0,151,151,high
1655950433580,52.0,52,52,medium
1659041337191,70.0,70,70,medium
1656551788591,162.0,162,162,high
1656559334359,306.0,306,306,high
1656383354799,311.0,311,311,high
1659083006503,187.0,187,187,high
1660275445741,187.0,187,187,high
1657348517430,43.0,43,43,low
1655960071813,132.0,132,132,medium
1658598505851,7.0,7,7,low
1656145043466,21.0,21,21,low
1656512103336,34.0,34,34,low
1655969822233,8.0,8,8,low
1658376828040,43.0,43,43,low
1656433576135,148.0,148,148,medium
1656557924641,41.75,41,42,low
1655999524459,18.0,18,18,low
1657396085439,7.0,7,7,low
1657225005846,43.0,43,43,low
1656117598023,190.0,190,190,high
1656266256592,155.0,155,155,high
1656220637802,12.0,12,12,low
1656393986878,67.0,67,67,medium
1656009874580,174.0,174,174,high
1657180842185,188.0,188,188,high
1656145348304,157.0,157,157,high
1656165565766,18.0,18,18,low
1656341036155,82.0,82,82,medium
1658972153949,43.0,43,43,low
1656195853331,217.0,217,217,high
1658711211440,43.0,43,43,low
1657322705746,7.0,7,7,low
1658595074161,43.0,43,43,low
1656272707925,8.0,8,8,low
1658462789555,187.0,187,187,high
1656157093301,51.0,51,51,medium
1655992314039,47.0,47,47,low
1658308294444,7.0,7,7,low
1657174629982,187.0,187,187,high
1659827066684,7.0,7,7,low
1656035922914,92.0,92,92,medium
1656522275499,57.0,57,57,medium
1656116634924,82.0,82,82,medium
1656499456855,190.0,190,190,high
1657454279344,7.0,7,7,low
1657345839019,160.0,160,160,high
1655939208713,147.0,147,147,medium
1656083972062,271.0,271,271,high
1657122469722,63.0,63,63,medium
1657121920107,109.0,109,109,medium
1657282665588,7.0,7,7,low
1655952843034,149.0,149,149,medium
1656042394401,52.0,52,52,medium
1656046150857,23.0,23,23,low
1656429833159,66.0,66,66,medium
1656078304849,20.0,20,20,low
1656428891566,120.0,120,120,medium
1657156184243,87.0,87,87,medium
1656498630179,65.0,65,65,medium
1656273187048,6.0,6,6,low
1655928503766,54.0,54,54,medium
1655971157889,181.0,181,181,high
1655953111405,137.0,137,137,medium
1657166051655,48.0,48,48,low
1659547675799,7.0,7,7,low
1658349282444,57.0,57,57,medium
1655886594268,193.0,193,193,high
1658661002682,43.0,43,43,low
1658299548991,43.0,43,43,low
1656372683788,210.0,210,210,high
1656105321222,139.0,139,139,medium
1656233648649,138.0,138,138,medium
1656299449792,209.0,209,209,high
1657413927582,30.0,30,30,low
1656124460809,54.0,54,54,medium
1658580232296,43.0,43,43,low
1656119984899,10.0,10,10,low
1656253652087,8.0,8,8,low
1656196232551,46.0,46,46,low
1657159651916,7.0,7,7,low
1657336087778,43.0,43,43,low
1656239233298,45.0,45,45,low
1658462947865,43.0,43,43,low
1656226306438,218.0,218,218,high
1656588523097,144.0,144,144,medium
1656603209498,79.0,79,79,medium
1656036071363,81.0,81,81,medium
1657232251743,7.0,7,7,low
1659055248098,7.0,7,7,low
1655984051131,81.0,81,81,medium
1656619479604,13.0,13,13,low
1658349879527,7.0,7,7,low
1655997576245,282.0,282,282,high
1656510412848,271.0,271,271,high
1655923066945,100.0,100,100,medium
1656279130786,25.0,25,25,low
1657191762978,131.0,131,131,medium
1656299881540,77.0,77,77,medium
1657134846548,7.0,7,7,low
1657109848952,35.0,35,35,low
1656442071222,137.0,137,137,medium
1656089415859,14.0,14,14,low
1656200048168,151.0,151,151,high
1658462203968,7.0,7,7,low
1656577929488,176.0,176,176,high
1658454497864,43.0,43,43,low
1656235571249,259.0,259,259,high
1656354131169,43.0,43,43,low
1656327037019,24.0,24,24,low
1656190646230,6.0,6,6,low
1658386541523,257.0,257,257,high
1656461217766,105.0,105,105,medium
1659197049839,43.0,43,43,low
1656185723730,52.0,52,52,medium
1657346358363,166.0,166,166,high
1657114501162,8.0,8,8,low
1656181037184,97.0,97,97,medium
1655976136532,186.0,186,186,high
1656201491402,28.0,28,28,low
1656206872035,6.0,6,6,low
1656026274553,71.0,71,71,medium
1656103564656,108.0,108,108,medium
1656129142718,71.0,71,71,medium
1656023058532,8.0,8,8,low
1655967014035,36.0,36,36,low
1655939111012,49.0,49,49,low
1658854745746,43.0,43,43,low
1656611013308,22.0,22,22,low
1658440955680,257.0,257,257,high
1655935534317,210.0,210,210,high
1656148905455,22.0,22,22,low
1656060730748,33.0,33,33,low
1656098515647,8.0,8,8,low
1655942145371,37.0,37,37,low
1655941933244,229.0,229,229,high
1656504567690,67.0,67,67,medium
1656089812332,94.0,94,94,medium
1658288243510,7.0,7,7,low
1656556932512,234.0,234,234,high
1656157292756,23.0,23,23,low
1655990701928,34.0,34,34,low
1655978822105,115.0,115,115,medium
1656203022247,17.0,17,17,low
1657400420204,30.0,30,30,low
1655915788924,8.0,8,8,low
1655992928752,18.0,18,18,low
1656369419377,86.0,86,86,medium
1656392422940,25.0,25,25,low
1655946353147,46.0,46,46,low
1656094760619,62.0,62,62,medium
1656083803672,144.0,144,144,medium
1656371385728,80.0,80,80,medium
1658667881377,7.0,7,7,low
1656145152749,8.0,8,8,low
1657096988292,189.0,189,189,high
1656045518759,46.0,46,46,low
1656420064908,23.0,23,23,low
1656530161304,271.0,271,271,high
1659101223613,187.0,187,187,high
1656409746728,61.0,61,61,medium
1656068009428,17.0,17,17,low
1659172934001,40.0,37,43,low
1656190299652,7.0,7,7,low
1657216835763,30.0,30,30,low
1656130344006,156.0,156,156,high
1656449744313,77.0,77,77,medium
1655961431830,151.0,151,151,high
1658312641211,43.0,43,43,low
1656290622922,178.0,178,178,high
1656557761805,71.0,71,71,medium
1656563763172,224.0,224,224,high
1657215342298,7.0,7,7,low
1656139956133,8.0,8,8,low
1656588721933,159.0,159,159,high
1656343673129,188.0,188,188,high
1658423455464,7.0,7,7,low
1656515304500,33.0,33,33,low
1655924534816,204.0,204,204,high
1658310062542,43.0,43,43,low
1655898116356,193.0,193,193,high
1655962094269,346.0,346,346,high
1657174446528,43.0,43,43,low
1656152260276,484.5,483,486,high
1657212102133,7.0,7,7,low
1656495084338,99.0,99,99,medium
1658377679263,43.0,43,43,low
1658984156090,7.0,7,7,low
1658397662044,7.0,7,7,low
1658881463251,257.0,257,257,high
1656153980251,165.0,165,165,high
1658452631713,7.0,7,7,low
1657146281976,187.0,187,187,high
1656286567236,167.0,167,167,high
1656586677708,95.0,95,95,medium
1657428425431,43.0,43,43,low
1657331391558,187.0,187,187,high
1658316749857,7.0,7,7,low
1655946452937,272.0,272,272,high
1656585047671,166.0,166,166,high
1655910115910,41.0,34,48,low
1657439371342,43.0,43,43,low
1658313636396,187.0,187,187,high
1657084932842,184.0,184,184,high
1656276269353,185.0,185,185,high
1656519223142,141.0,141,141,medium
1656419844869,168.0,168,168,high
1657238366944,43.0,43,43,low
1656380802975,38.0,38,38,low
1658863119669,43.0,43,43,low
1656025155923,6.0,6,6,low
1656298675589,276.0,276,276,high
1656026025076,373.0,373,373,high
1656338469368,20.0,20,20,low
1657424576817,30.0,30,30,low
1657169538068,21.0,21,21,low
1656056067543,8.0,8,8,low
1658487771274,7.0,7,7,low
1656138132351,16.0,16,16,low
1656130605682,57.0,57,57,medium
1658559230720,43.0,43,43,low
1656479103114,94.0,94,94,medium
1657348545573,40.0,40,40,low
1656067310614,181.0,181,181,high
1656329816409,7.0,7,7,low
1659908131361,87.0,87,87,medium
1656012402959,271.0,271,271,high
1658681117872,43.0,43,43,low
1656431865784,96.0,96,96,medium
1657133215654,162.0,162,162,high
1658624000402,43.0,43,43,low
1656121649417,88.0,88,88,medium
1656198799963,30.0,30,30,low
1657283712358,7.0,7,7,low
1656085261815,65.0,65,65,medium
1656152276001,72.0,72,72,medium
1656415561200,259.0,259,259,high
1658377025149,7.0,7,7,low
1657129464428,30.0,30,30,low
1657392173150,257.0,257,257,high
1656360863250,19.0,19,19,low
1660238685832,43.0,43,43,low
1656490074459,29.0,29,29,low
1656566487591,115.0,115,115,medium
1656588698810,94.0,94,94,medium
1656586288716,60.0,60,60,medium
1656260654766,179.0,179,179,high
1657208053652,43.0,43,43,low
1656298657334,6.0,6,6,low
1656193878549,172.0,172,172,high
1656146999950,53.0,53,53,medium
1655976048985,180.0,180,180,high
1659224702583,257.0,257,257,high
1657130075525,43.0,43,43,low
1656000680330,61.0,61,61,medium
1656231225356,62.0,62,62,medium
1655989230357,117.0,117,117,medium
1658531141023,43.0,43,43,low
1656522659253,25.0,25,25,low
1658955286131,619.0,619,619,high
1656612849499,47.0,47,47,low
1655948935710,152.0,152,152,high
1656520173404,62.0,62,62,medium
1655995082771,6.0,6,6,low
1657390559611,187.0,187,187,high
1656060549528,217.0,217,217,high
1656014539533,61.0,61,61,medium
1656003559505,13.0,13,13,low
1656318126233,44.0,44,44,low
1657116773908,43.0,43,43,low
1655958743135,7.0,7,7,low
1656428403444,44.0,44,44,low
1657110730718,144.0,144,144,medium
1658566330924,43.0,43,43,low
1656062200486,32.0,32,32,low
1658360481214,150.0,150,150,medium
1656036947671,58.0,58,58,medium
1658843839735,7.0,7,7,low
1657337098634,7.0,7,7,low
1657103115197,28.0,28,28,low
1657105304328,41.0,41,41,low
1657121114647,43.0,43,43,low
1656374061376,63.0,63,63,medium
1656195009658,55.0,55,55,medium
1656613099018,14.0,14,14,low
1659169661693,43.0,43,43,low
1656243536101,172.0,172,172,high
1656371913986,52.0,52,52,medium
1658353351627,184.0,184,184,high
1656470041177,46.0,46,46,low
1656516325520,657.0,657,657,high
1656004500353,82.0,82,82,medium
1656435693540,185.0,185,185,high
1656505664961,58.0,58,58,medium
1658450274553,187.0,187,187,high
1658925289164,7.0,7,7,low
1657363060778,7.0,7,7,low
1657357285653,43.0,43,43,low
1657102166836,71.0,71,71,medium
1656346499182,15.0,15,15,low
1656324602461,42.0,42,42,low
1657100740408,122.0,122,122,medium
1658330394238,43.0,43,43,low
1656013180109,356.0,356,356,high
1656514713104,170.0,170,170,high
1655983335641,110.0,110,110,medium
1656089646201,145.75,144,147,medium
1656046314077,47.0,47,47,low
1656072708442,143.0,143,143,medium
1656384063133,435.0,435,435,high
1656320632495,62.0,62,62,medium
1656232891080,166.0,166,166,high
1657158704201,7.0,7,7,low
1655943710001,214.0,214,214,high
1656010630204,37.0,37,37,low
1655904376432,151.0,151,151,high
1656159356876,271.0,271,271,high
1656581083008,250.0,250,250,high
1656024962653,84.0,84,84,medium
1656563817008,225.0,225,225,high
1658273515296,43.0,43,43,low
1656146726404,269.0,269,269,high
1657201196512,98.0,98,98,medium
1656363671858,111.0,111,111,medium
1655983581142,21.0,21,21,low
1658360025420,7.0,7,7,low
1656262974329,16.0,16,16,low
1656198574646,239.0,239,239,high
1656140715732,142.0,142,142,medium
1656564949258,34.0,34,34,low
1655908365628,6.0,6,6,low
1656094387773,12.0,12,12,low
1656285467626,173.0,173,173,high
1657134899615,272.0,263,275,high
1655977694545,30.0,30,30,low
1655970474995,84.0,84,84,medium
1656162708355,65.0,65,65,medium
1656250522043,61.0,61,61,medium
1658310813805,187.0,187,187,high
1657212170914,7.0,7,7,low
1658441621508,7.0,7,7,low
1657236405646,7.0,7,7,low
1656422350075,119.25,117,120,medium
1656514484060,116.0,116,116,medium
1657151298521,30.0,30,30,low
1656062597458,271.0,271,271,high
1657335374569,7.0,7,7,low
1656108584765,88.0,88,88,medium
1656096037234,54.0,54,54,medium
1656415912849,333.0,321,337,high
1656082005025,80.0,79,83,medium
1656399051442,86.0,86,86,medium
1656416503087,35.0,35,35,low
1658626213402,43.0,43,43,low
1656259179802,155.0,155,155,high
1655993189398,119.0,119,119,medium
1656290337326,7.0,7,7,low
1656241987548,140.0,140,140,medium
1656324231344,152.5,141,164,high
1656495061291,130.5,130,132,medium
1656176858218,81.0,81,81,medium
1656519833465,94.0,94,94,medium
1656270407407,42.0,42,42,low
1656474492456,101.0,101,101,medium
1656186258633,48.0,48,48,low
1656329624661,251.0,251,251,high
1655922447721,81.0,81,81,medium
1655939024843,22.0,22,22,low
1656347602522,11.0,11,11,low
1656435954308,6.0,6,6,low
1656147516091,74.0,74,74,medium
1655897028676,151.0,151,151,high
1658348712670,7.0,7,7,low
1656257209226,66.0,66,66,medium
1655940043052,143.0,143,143,medium
1657362570072,257.0,257,257,high
1658328591486,43.0,43,43,low
1657359412019,43.0,43,43,low
1656118897102,71.0,71,71,medium
1656567568201,75.0,75,75,medium
1656210223452,67.0,67,67,medium
1657128332371,30.0,30,30,low
1658917225141,257.0,257,257,high
1656266911250,11.0,11,11,low
1657332667583,257.0,257,257,high
1657194519422,187.0,187,187,high
1656142435731,175.0,175,175,high
1656092858322,130.0,130,130,medium
1656113864624,103.0,103,103,medium
1658478372664,43.0,43,43,low
1658314772167,187.0,187,187,high
1658309916641,43.0,43,43,low
1656619619948,145.0,145,145,medium
1656174973730,6.0,6,6,low
1656354344910,98.0,98,98,medium
1660251863957,7.0,7,7,low
1658366241685,43.0,43,43,low
1658417708155,43.0,43,43,low
1658626736365,7.0,7,7,low
1659098352235,7.0,7,7,low
1658966474605,43.0,43,43,low
1656277411346,42.0,42,42,low
1656280695108,83.0,83,83,medium
1656101918323,136.0,136,136,medium
1657111124822,69.0,69,69,medium
1656209412079,286.0,286,286,high
1656159460836,6.0,6,6,low
1656498459370,48.0,48,48,low
1656162443085,103.0,103,103,medium
1658330473854,43.0,43,43,low
1657201359336,184.0,184,184,high
1657255231504,7.0,7,7,low
1655999240681,17.0,17,17,low
1656521409863,132.0,132,132,medium
1656000631956,485.0,485,485,high
1656311485830,17.0,17,17,low
1656228707201,47.0,47,47,low
1655890913887,12.0,12,12,low
1657446571940,7.0,7,7,low
1658623076189,43.0,43,43,low
1655910017196,248.0,248,248,high
1656393831828,114.0,114,114,medium
1656278804093,49.0,49,49,low
1658473985307,7.0,7,7,low
1657140439148,7.0,7,7,low
1656506774646,8.0,8,8,low
1656434542465,166.0,166,166,high
1657195854019,35.0,35,35,low
1656041459486,15.0,15,15,low
1656279301416,250.0,250,250,high
1657227060563,7.0,7,7,low
1657111984572,30.0,30,30,low
1656178510499,32.0,32,32,low
1656007478485,228.0,228,228,high
1655927604062,164.0,164,164,high
1656480846708,82.0,82,82,medium
1656604029433,495.0,495,495,high
1656268000446,149.0,149,149,medium
1655916883448,132.0,132,132,medium
1657358606921,257.0,257,257,high
1655993730606,202.0,202,202,high
1656171687430,14.0,14,14,low
1659224259421,7.0,7,7,low
1656062048099,135.0,135,135,medium
1658732346304,7.0,7,7,low
1658451282147,257.0,257,257,high
1656113244604,151.0,151,151,high
1656087269179,17.0,17,17,low
1657181686178,7.0,7,7,low
1657182188814,30.0,30,30,low
1657189773139,7.0,7,7,low
1658288125513,7.0,7,7,low
1656536575535,452.0,452,452,high
1655975561232,136.0,136,136,medium
1659153521796,43.0,43,43,low
1657134967529,187.0,187,187,high
1657122389729,43.0,43,43,low
1657141876841,187.0,187,187,high
1655920190977,53.0,53,53,medium
1656327350327,43.0,43,43,low
1656161778995,61.0,61,61,medium
1657373260941,7.0,7,7,low
1656536491402,6.0,6,6,low
1656077587962,15.0,15,15,low
1657135666975,352.0,352,352,high
1656282345822,149.0,149,149,medium
1656470969004,162.0,162,162,high
1656385908571,296.0,296,296,high
1655974101544,97.0,97,97,medium
1656500012816,49.0,49,49,low
1656241749329,30.0,30,30,low
1656297240548,8.0,8,8,low
1656368567935,142.0,142,142,medium
1656037048619,8.0,8,8,low
1656281674779,349.0,349,349,high
1656023789256,162.0,162,162,high
1656169298012,175.0,175,175,high
1656342409147,49.0,49,49,low
1656426305540,68.0,68,68,medium
1658435050861,7.0,7,7,low
1658719065664,43.0,43,43,low
1658298661110,43.0,43,43,low
1658267613550,43.0,43,43,low
1656019448104,6.0,6,6,low
1658284011939,257.0,257,257,high
1655894343842,6.0,6,6,low
1655942709783,96.0,96,96,medium
1656259540992,166.0,166,166,high
1656011637818,57.0,57,57,medium
1655933208121,55.0,55,55,medium
1658309224998,43.0,43,43,low
1658336930322,43.0,43,43,low
1656437235102,52.0,52,52,medium
1656381358177,126.0,126,126,medium
1657219881512,544.0,544,544,high
1658352168381,7.0,7,7,low
1656003226699,108.0,108,108,medium
1656137390853,9.0,9,9,low
1656598583579,166.0,166,166,high
1656094487508,6.0,6,6,low
1656460560035,142.0,142,142,medium
1656230321301,7.0,7,7,low
1657284898989,30.0,30,30,low
1656487222332,114.0,114,114,medium
1656257549085,61.0,61,61,medium
1658455899981,187.0,187,187,high
1656234090068,7.0,7,7,low
1655905777432,111.0,111,111,medium
1656179783829,172.0,172,172,high
1656022766813,26.0,26,26,low
1656340377176,172.0,172,172,high
1659124351707,7.0,7,7,low
1656216585528,58.0,58,58,medium
1658367257009,257.0,257,257,high
1656558357878,36.0,36,36,low
1656243952374,132.0,132,132,medium
1657102318856,122.0,122,122,medium
1658265675503,32.0,32,32,low
1656344197993,63.0,63,63,medium
1657219369344,7.0,7,7,low
1656248880566,38.0,38,38,low
1656614236396,49.0,49,49,low
1656348617624,166.0,166,166,high
1655935388938,166.0,166,166,high
1657144494186,84.0,84,84,medium
1655990596046,95.0,95,95,medium
1657108689936,131.0,131,131,medium
1656184296106,192.0,192,192,high
1657205716272,43.0,43,43,low
1657418796350,43.0,43,43,low
1656405002054,28.0,28,28,low
1656439800182,70.0,70,70,medium
1656013396353,104.0,104,104,medium
1656353707091,117.0,117,117,medium
1658552631487,7.0,7,7,low
1658527398948,187.0,187,187,high
1656359642971,171.0,171,171,high
1657205427255,35.0,35,35,low
1657316473816,257.0,257,257,high
1656345030442,295.0,295,295,high
1657101831646,22.0,22,22,low
1655919198173,17.0,17,17,low
1656612876425,71.0,71,71,medium
1656395125547,13.0,13,13,low
1656518757956,152.0,152,152,high
1656162694593,16.0,16,16,low
1657180564869,30.0,30,30,low
1656434484522,240.0,240,240,high
1658410823322,25.0,25,25,low
1655986729197,119.0,119,119,medium
1657093870553,17.0,17,17,low
1657134596160,8.0,8,8,low
1657178534327,30.0,30,30,low
1656592466271,53.0,53,53,medium
1656514082061,185.0,185,185,high
1657368341143,187.0,187,187,high
1657360619953,43.0,43,43,low
1656006023468,178.0,178,178,high
1658790339230,187.0,187,187,high
1658319659801,187.0,187,187,high
1656578964530,160.0,160,160,high
1656100386814,91.0,91,91,medium
1657139686004,43.0,43,43,low
1658397967596,43.0,43,43,low
1656037262614,146.0,146,146,medium
1656020111131,60.0,60,60,medium
1657307393432,7.0,7,7,low
1656555360731,52.0,52,52,medium
1658490739813,187.0,187,187,high
1658326937620,43.0,43,43,low
1655987051233,101.0,101,101,medium
1656512507904,6.0,6,6,low
1656532071978,167.0,167,167,high
1656099814633,295.0,295,295,high
1656040127999,32.0,32,32,low
1656131501534,155.0,155,155,high
1658606868312,7.0,7,7,low
1655944782733,176.0,176,176,high
1656000257222,13.0,13,13,low
1656460442059,83.0,83,83,medium
1655995712392,112.0,112,112,medium
1656163583645,291.0,291,291,high
1656524172988,115.0,115,115,medium
1658558347029,257.0,257,257,high
1657223857854,7.0,7,7,low
1658647880731,43.0,43,43,low
1656411928272,85.0,85,85,medium
1656586349994,14.0,14,14,low
1657220450393,7.0,7,7,low
1656174722650,15.0,15,15,low
1656130673462,26.0,26,26,low
1655968837464,18.0,18,18,low
1656498211633,75.0,75,75,medium
1656290510411,48.0,48,48,low
1657152657912,46.0,46,46,low
1657173530207,7.0,7,7,low
1655938007961,34.0,34,34,low
1656270470738,57.0,57,57,medium
1655930033539,332.0,332,332,high
1656360687316,162.0,162,162,high
1657151362253,30.0,30,30,low
1658853113589,7.0,7,7,low
1656280264537,34.0,34,34,low
1657416742494,43.0,43,43,low
1656122978857,113.0,113,113,medium
1658579101271,200.0,200,200,high
1659558807799,43.0,43,43,low
1656506334232,168.0,168,168,high
1657159357702,7.0,7,7,low
1656619007310,211.0,211,211,high
1658509036868,43.0,43,43,low
1656593911423,6.0,6,6,low
1657126520717,7.0,7,7,low
1656366292668,363.0,363,363,high
1655928861967,53.0,53,53,medium
1656376820620,179.0,179,179,high
1657299438795,187.0,187,187,high
1658525806145,43.0,43,43,low
1656033655732,330.0,330,330,high
1657134511729,7.0,7,7,low
1658963977394,7.0,7,7,low
1656051836846,239.0,239,239,high
1657149018192,43.0,43,43,low
1656386749696,84.0,84,84,medium
1656299018213,265.0,265,265,high
1656213305234,85.0,85,85,medium
1656324166974,7.0,7,7,low
1655973771833,95.0,95,95,medium
1656319640329,227.0,227,227,high
1656522740837,104.0,104,104,medium
1656020414155,123.0,123,123,medium
1656041450634,127.0,127,127,medium
1656305388593,8.0,8,8,low
1656106198918,303.0,303,303,high
1656040094513,8.0,8,8,low
1656212139384,188.0,188,188,high
1656024328532,20.0,20,20,low
1655975783679,36.0,36,36,low
1658465099435,187.0,187,187,high
1656437756144,48.0,48,48,low
1656013755371,32.0,32,32,low
1657310604238,7.0,7,7,low
1656341551179,17.0,17,17,low
1656547824521,201.0,201,201,high
1659078112942,187.0,187,187,high
1656508410241,101.0,101,101,medium
1658811908110,43.0,43,43,low
1656561610100,20.0,20,20,low
1658525175997,43.0,43,43,low
1656007829039,194.0,194,194,high
1658549690266,43.0,43,43,low
1658457509697,43.0,43,43,low
1656471436207,87.0,87,87,medium
1657414472283,43.0,43,43,low
1656373919175,80.0,80,80,medium
1656380177392,6.0,6,6,low
1657193387394,52.25,52,53,medium
1656372620441,81.0,81,81,medium
1657391871192,7.0,7,7,low
1656477331998,28.0,28,28,low
1656152650575,69.0,69,69,medium
1658382276210,43.0,43,43,low
1657186978905,43.0,43,43,low
1656079553062,6.0,6,6,low
1655915157303,47.0,47,47,low
1656092956055,90.0,90,90,medium
1656041435358,89.0,89,89,medium
1658997197661,248.0,248,248,high
1656150893066,23.0,23,23,low
1656027857458,59.0,59,59,medium
1656229721718,130.0,130,130,medium
1656353192269,140.0,140,140,medium
1657141795468,7.0,7,7,low
1656144114799,144.0,144,144,medium
1655957386848,366.0,366,366,high
1656355016085,56.0,56,56,medium
1658313016218,43.0,43,43,low
1658264942332,43.0,43,43,low
1655949344555,61.0,61,61,medium
1658548259826,187.0,187,187,high
1658512419827,7.0,7,7,low
1656092505956,8.0,8,8,low
1657434554391,7.0,7,7,low
1657161964208,7.0,7,7,low
1657172435787,114.0,114,114,medium
1656072233098,31.0,31,31,low
1658855212773,43.0,43,43,low
1656234123323,73.0,73,73,medium
1659422824956,7.0,7,7,low
1656504987718,54.0,54,54,medium
1656029311520,223.0,223,223,high
1657216456895,187.0,187,187,high
1658714503113,7.0,7,7,low
1657172119323,473.0,473,473,high
1657135283972,96.0,96,96,medium
1657321710868,187.0,187,187,high
1657188745663,43.0,43,43,low
1656615525305,120.0,120,120,medium
1657192034138,7.0,7,7,low
1656620042273,137.0,137,137,medium
1658892188403,257.0,257,257,high
1658358249725,187.0,187,187,high
1656464121538,145.0,145,145,medium
1656051106218,93.0,93,93,medium
1658274447431,7.0,7,7,low
1657182287376,30.0,30,30,low
1658428351796,7.0,7,7,low
1658444776719,7.0,7,7,low
1656081302381,8.0,8,8,low
1656499648683,42.0,42,42,low
1657140683870,187.0,187,187,high
1655963369263,286.0,286,286,high
1656532681053,30.0,30,30,low
1659098353468,7.0,7,7,low
1658415703780,257.0,257,257,high
1656142529580,14.0,14,14,low
1656096485207,11.0,11,11,low
1656136998885,136.0,136,136,medium
1657333338975,7.0,7,7,low
1656222569411,24.0,24,24,low
1655955351235,674.25,671,684,high
1656247387129,226.0,226,226,high
1658367920487,7.0,7,7,low
1656380597496,140.0,140,140,medium
1658405149698,187.0,187,187,high
1656032284440,235.0,235,235,high
1656207106394,115.0,115,115,medium
1657102906267,346.0,346,346,high
1658896069147,7.0,7,7,low
1656604329871,226.0,226,226,high
1655929974296,16.0,16,16,low
1656388233441,101.0,101,101,medium
1656050752530,122.0,122,122,medium
1656112417148,85.0,85,85,medium
1657148501679,187.0,187,187,high
1657359509131,43.0,43,43,low
1656166889763,28.0,28,28,low
1655933966031,52.0,52,52,medium
1656012748179,62.0,62,62,medium
1658590595163,43.0,43,43,low
1657305364385,257.0,257,257,high
1658972045035,7.0,7,7,low
1656111740174,188.0,188,188,high
1656040034893,208.0,208,208,high
1656157568352,34.0,34,34,low
1657179288921,98.0,98,98,medium
1656171489374,141.0,141,141,medium
1658901687382,257.0,257,257,high
1656538052427,137.0,137,137,medium
1656304182845,29.0,29,29,low
1658512468456,187.0,187,187,high
1657396455799,187.0,187,187,high
1656279088892,68.0,68,68,medium
1656316515201,73.0,73,73,medium
1657210710871,187.0,187,187,high
1655985796660,6.0,6,6,low
1658480444119,7.0,7,7,low
1658767485413,43.0,43,43,low
1656188797902,52.0,52,52,medium
1656586912637,166.0,166,166,high
1656321117289,7.0,7,7,low
1658322783508,53.0,53,53,medium
1657245200649,187.0,187,187,high
1656013660931,84.0,84,84,medium
1658409056819,7.0,7,7,low
1657180952946,43.0,43,43,low
1655901637072,21.0,21,21,low
1658380402124,187.0,187,187,high
1656299951720,139.0,139,139,medium
1655980083452,101.0,101,101,medium
1655984108066,119.0,119,119,medium
1657236338380,43.0,43,43,low
1658454392967,131.0,131,131,medium
1657442206673,7.0,7,7,low
1656507480994,253.0,253,253,high
1656591995394,26.0,26,26,low
1656610461867,213.0,213,213,high
1656212683153,92.0,92,92,medium
1658365602719,43.0,43,43,low
1656015906365,105.0,105,105,medium
1656311306534,166.0,166,166,high
1656472690984,5.0,5,5,low
1657195923491,187.0,187,187,high
1656163942472,6.0,6,6,low
1655997854820,208.0,208,208,high
1656580766368,146.0,146,146,medium
1658355650115,184.0,184,184,high
1656433685916,8.0,8,8,low
1655982118488,93.0,93,93,medium
1656236534343,13.0,13,13,low
1656344470748,8.0,8,8,low
1656011558858,143.0,143,143,medium
1656403517128,179.0,179,179,high
1656320258205,8.0,8,8,low
1658284222309,257.0,257,257,high
1656291027928,50.0,50,50,medium
1656170395222,310.0,310,310,high
1656399421461,174.0,174,174,high
1658437271093,7.0,7,7,low
1658276396207,184.0,184,184,high
1656154951852,49.0,49,49,low
1657195813911,43.0,43,43,low
1656278224135,195.0,195,195,high
1656537828328,37.0,37,37,low
1656086911256,29.0,29,29,low
1658332158911,7.0,7,7,low
1658457517166,7.0,7,7,low
1657186134189,187.0,187,187,high
1657215367436,30.0,30,30,low
1656211323128,80.0,80,80,medium
1658853116071,7.0,7,7,low
1656154911152,50.0,50,50,medium
1656056637719,124.0,124,124,medium
1657440127804,30.0,30,30,low
1656613024571,144.0,144,144,medium
1658268487735,127.0,127,127,medium
1656330413681,43.0,43,43,low
1657097941339,260.0,260,260,high
1655989448904,62.0,62,62,medium
1656413581940,59.0,59,59,medium
1659620954682,187.0,187,187,high
1656356679350,507.0,507,507,high
1655975693206,200.0,200,200,high
1658314156878,7.0,7,7,low
1656612075221,118.0,118,118,medium
1656167264094,149.0,149,149,medium
1657412408863,7.0,7,7,low
1658281205857,119.0,119,119,medium
1656012956330,127.0,127,127,medium
1655956473309,50.0,50,50,medium
1657418800130,165.0,165,165,high
1655984848360,96.0,96,96,medium
1656063099044,21.0,21,21,low
1658802308207,7.0,7,7,low
1655970949631,528.0,528,528,high
1655995618548,101.0,101,101,medium
1655999967179,119.0,119,119,medium
1656550048209,16.0,16,16,low
1656094542767,172.0,172,172,high
1656510348774,118.0,118,118,medium
1656193696579,430.0,430,430,high
1656068361706,101.0,101,101,medium
1656118380546,129.0,129,129,medium
1657456866473,7.0,7,7,low
1657111201471,38.0,38,38,low
1657210830749,7.0,7,7,low
1656396187311,277.0,277,277,high
1658816685749,7.0,7,7,low
1659359812008,43.0,43,43,low
1656023990030,161.0,161,161,high
1656302989901,37.0,37,37,low
1658948327959,619.0,619,619,high
1658311139490,7.0,7,7,low
1656617766330,198.0,198,198,high
1656331089121,185.0,185,185,high
1656021099834,161.0,161,161,high
1657157695832,7.0,7,7,low
1656165975852,120.0,120,120,medium
1657346188299,52.0,52,52,medium
1658651898132,7.0,7,7,low
1655975787373,68.0,68,68,medium
1658391236321,257.0,257,257,high
1655991046084,77.0,77,77,medium
1657426212662,8.0,8,8,low
1655963850248,18.0,18,18,low
1656613250175,7.0,7,7,low
1656476467966,121.0,121,121,medium
1655934747374,58.0,58,58,medium
1657297983481,7.0,7,7,low
1656596067785,279.0,279,279,high
1657115082864,166.0,166,166,high
1656387578308,8.0,8,8,low
1656490258876,271.0,271,271,high
1657206404465,187.0,187,187,high
1657208726852,43.0,43,43,low
1656079896457,24.0,24,24,low
1657457010753,43.0,43,43,low
1658313645962,7.0,7,7,low
1658409907789,7.0,7,7,low
1656176154914,157.0,157,157,high
1656400697836,193.0,193,193,high
1658398188129,43.0,43,43,low
1657311085038,187.0,187,187,high
1655934191129,8.0,8,8,low
1657094927660,27.0,27,27,low
1656132394567,57.0,57,57,medium
1656613822908,175.0,175,175,high
1656376182804,356.0,356,356,high
1657321962764,7.0,7,7,low
1657153899804,6.0,6,6,low
1656009487568,144.0,144,144,medium
1656452225600,57.0,57,57,medium
1655960299534,25.0,25,25,low
1657118368062,106.0,106,106,medium
1656194411099,8.0,8,8,low
1659827070790,7.0,7,7,low
1656053377353,22.0,22,22,low
1656464125445,38.0,38,38,low
1656111516076,333.0,333,333,high
1656376784234,6.0,6,6,low
1656607495750,7.0,7,7,low
1656483772852,415.0,415,415,high
1657284092001,257.0,257,257,high
1656378606417,32.0,32,32,low
1655936768051,356.25,355,357,high
1656092566933,123.0,123,123,medium
1656115022969,84.0,84,84,medium
1656408424641,334.0,334,334,high
1656325816380,332.0,332,332,high
1656263168359,478.0,478,478,high
1655971272742,136.0,136,136,medium
1656489199413,8.0,8,8,low
1656326913504,84.0,84,84,medium
1656219449078,245.25,245,246,high
1656612611996,93.0,93,93,medium
1656269546341,39.0,39,39,low
1656531967637,12.0,12,12,low
1656505501050,271.0,271,271,high
1656145177965,30.0,30,30,low
1656164140057,64.0,64,64,medium
1658829062113,7.0,7,7,low
1656022186583,153.0,153,153,high
1655965519834,202.0,202,202,high
1655931200921,6.0,6,6,low
1656271646924,94.0,94,94,medium
1656206049233,80.0,80,80,medium
1657089895135,148.0,148,148,medium
1655981873661,57.0,57,57,medium
1656151838153,78.0,78,78,medium
1655978651956,38.0,38,38,low
1657107525019,363.0,363,363,high
1656156100722,8.0,8,8,low
1656101928198,55.0,55,55,medium
1656221787856,176.0,176,176,high
1656296665196,188.0,188,188,high
1657236667303,184.0,184,184,high
1656051274940,361.0,361,361,high
1658717464618,257.0,257,257,high
1657106932215,30.0,30,30,low
1657360290848,30.0,30,30,low
1657181089790,187.0,187,187,high
1656181909143,174.0,174,174,high
1656258268646,52.0,52,52,medium
1656610972262,52.0,52,52,medium
1656402873903,49.0,49,49,low
1655944723115,85.0,85,85,medium
1656211771644,115.0,115,115,medium
1658369921603,7.0,7,7,low
1656170955474,200.0,200,200,high
1656550055685,171.0,171,171,high
1656341321443,98.0,98,98,medium
1655927060687,357.0,357,357,high
1656491691955,227.0,227,227,high
1656561059649,348.0,348,348,high
1656579226254,60.0,60,60,medium
1656137320986,17.0,17,17,low
1655995903292,733.0,733,733,high
1655992808698,157.0,157,157,high
1657111201482,515.0,515,515,high
1656557290225,107.0,107,107,medium
1656304805632,97.0,97,97,medium
1656324451530,251.0,251,251,high
1655964710642,733.0,733,733,high
1656394331018,6.0,6,6,low
1657247342097,187.0,187,187,high
1656426856156,71.0,71,71,medium
1657172916491,187.0,187,187,high
1656130001653,336.0,336,336,high
1658887220407,43.0,43,43,low
1656184566127,175.0,175,175,high
1656518197656,57.0,57,57,medium
1657404990964,941.0,941,941,high
1657402335358,7.0,7,7,low
1656547174898,64.0,64,64,medium
1656612240680,98.0,98,98,medium
1656378173500,310.0,310,310,high
1655989943082,8.0,8,8,low
1658764206430,187.0,187,187,high
1656416453350,177.0,177,177,high
1656151858803,250.0,250,250,high
1656234485865,113.0,113,113,medium
1656312413155,350.0,350,350,high
1656423788828,188.0,188,188,high
1656021246656,178.0,178,178,high
1657246127720,312.0,312,312,high
1656012619562,246.0,246,246,high
1658268856685,7.0,7,7,low
1656117035967,58.0,58,58,medium
1656139889555,447.0,447,447,high
1656174608503,289.0,289,289,high
1656302387283,216.0,216,216,high
1656568040729,8.0,8,8,low
1656272826699,55.0,55,55,medium
1657169059803,30.0,30,30,low
1656188596918,216.0,216,216,high
1656238784433,80.0,80,80,medium
1655998427779,197.0,197,197,high
1657349356708,7.0,7,7,low
1656228606246,250.0,250,250,high
1656031689766,161.0,161,161,high
1656349138666,153.0,153,153,high
1655989402506,118.0,118,118,medium
1656054279401,61.0,61,61,medium
1656180324778,101.0,101,101,medium
1656264283156,8.0,8,8,low
1657259330347,7.0,7,7,low
1655937695355,105.0,105,105,medium
1658512367918,7.0,7,7,low
1656523738593,35.0,35,35,low
1655959470833,57.0,57,57,medium
1656022734762,175.0,175,175,high
1656123954688,6.0,6,6,low
1658947836198,245.0,245,245,high
1657172809578,7.0,7,7,low
1656123696612,479.0,479,479,high
1656564697388,282.0,282,282,high
1656365887692,250.0,250,250,high
1656338621726,95.0,95,95,medium
1656186602225,20.0,20,20,low
1656213896251,117.0,117,117,medium
1656059953302,18.0,18,18,low
1657278732827,7.0,7,7,low
1656348629246,6.0,6,6,low
1656319031110,85.0,85,85,medium
1655951839136,32.0,32,32,low
1656348590399,11.0,11,11,low
1656122507157,169.0,169,169,high
1658401449616,7.0,7,7,low
1656506618687,126.0,126,126,medium
1658906719558,7.0,7,7,low
1656434962077,161.0,161,161,high
1656310565701,255.0,255,255,high
1658388924674,7.0,7,7,low
1656612431729,80.0,80,80,medium
1656396293807,54.0,54,54,medium
1656354652350,8.0,8,8,low
1657320142108,7.0,7,7,low
1656090317736,15.0,15,15,low
1656337999307,139.0,139,139,medium
1656045681774,260.0,260,260,high
1656247091007,8.0,8,8,low
1658950423906,7.0,7,7,low
1657134769112,30.0,30,30,low
1656386252446,61.0,61,61,medium
1655923719692,166.0,166,166,high
1656293310822,12.0,12,12,low
1656396234301,208.0,208,208,high
1656492976350,139.0,139,139,medium
1657262963010,7.0,7,7,low
1656147385858,244.0,244,244,high
1656045911503,133.0,133,133,medium
1656000390211,72.0,72,72,medium
1658279107989,7.0,7,7,low
1656368619130,157.0,157,157,high
1656234637524,72.0,72,72,medium
1656235299868,7.0,7,7,low
1656199092450,23.0,23,23,low
1659151957999,7.0,7,7,low
1656426089857,10.0,10,10,low
1657328571692,7.0,7,7,low
1656377227527,141.0,141,141,medium
1656084866299,298.0,298,298,high
1656262916628,183.0,183,183,high
1656242786377,10.0,10,10,low
1658703147322,7.0,7,7,low
1655995569549,28.0,28,28,low
1656302257406,37.0,37,37,low
1656617634723,69.0,69,69,medium
1656053961399,136.0,136,136,medium
1656596540700,24.0,24,24,low
1656279689924,75.0,75,75,medium
1655977122547,171.0,171,171,high
1657101948569,7.0,7,7,low
1656222472451,221.0,221,221,high
1656082662352,6.0,6,6,low
1656191354068,23.0,23,23,low
1658324083424,7.0,7,7,low
1656570130243,8.0,8,8,low
1655941454435,54.0,54,54,medium
1656579451265,15.0,15,15,low
1657208887770,30.0,30,30,low
1656191714654,22.0,22,22,low
1656019507132,197.0,197,197,high
1656288632250,7.0,7,7,low
1658466471658,7.0,7,7,low
1657324721020,7.0,7,7,low
1656547573523,270.0,270,270,high
1658303667941,7.0,7,7,low
1656414359325,198.0,198,198,high
1656035330254,17.0,17,17,low
1655963383298,6.0,6,6,low
1656464568777,558.0,558,558,high
1656135185034,23.0,23,23,low
1656523468299,14.0,14,14,low
1656531585425,81.0,81,81,medium
1656565235660,453.0,453,453,high
1656154285929,201.0,201,201,high
1656475865086,212.0,212,212,high
1656018695760,56.0,56,56,medium
1656119036363,130.0,130,130,medium
1656093496755,142.0,142,142,medium
1658340448356,7.0,7,7,low
1656132008100,78.0,78,78,medium
1656598678346,56.0,56,56,medium
1657152083326,7.0,7,7,low
1656431602087,8.0,8,8,low
1656495506481,8.0,8,8,low
1658311953694,7.0,7,7,low
1656148070088,80.0,80,80,medium
1658534039883,7.0,7,7,low
1657306189991,7.0,7,7,low
1655968866394,65.0,65,65,medium
1659425237603,7.0,7,7,low
1658421914546,7.0,7,7,low
1655947847696,369.0,369,369,high
1656176350650,71.0,71,71,medium
1656015189001,7.0,7,7,low
1655921932995,78.0,78,78,medium
1658440358990,7.0,7,7,low
1657096312421,282.0,282,282,high
1656051961001,9.0,9,9,low
1656034907950,263.0,263,263,high
1656530708770,59.0,59,59,medium
1656216446683,18.0,18,18,low
1656079581437,6.0,6,6,low
1655978015091,10.0,10,10,low
1656601819191,262.0,262,262,high
1656543559801,8.0,8,8,low
1658680954980,7.0,7,7,low
1655888587245,54.0,54,54,medium
1658262297360,8.0,8,8,low
1656575765096,17.0,17,17,low
1656330770440,87.0,87,87,medium
1656554916403,221.0,221,221,high
1658442161879,7.0,7,7,low
1658506810621,7.0,7,7,low
1656220712022,22.0,22,22,low
1658377680538,7.0,7,7,low
1656150980325,62.0,62,62,medium
1656014683342,9.0,9,9,low
1656319487995,6.0,6,6,low
1656326056617,23.0,23,23,low
1656326595109,17.0,17,17,low
1656405279309,7.0,7,7,low
1656548501600,124.0,124,124,medium
1656463388078,122.0,122,122,medium
1656113374369,105.0,105,105,medium
1658416890839,7.0,7,7,low
1657227441648,30.0,30,30,low
1656596966060,28.0,28,28,low
1655999500104,8.0,8,8,low
1657164396899,138.0,138,138,medium
1656181017209,72.0,72,72,medium
1656045979050,74.0,74,74,medium
1655967352631,8.0,8,8,low
1658360141333,7.0,7,7,low
1656470415045,8.0,8,8,low
1657102199769,120.0,120,120,medium
1655956020430,162.0,162,162,high
1656619291244,8.0,8,8,low
1656267691041,112.0,112,112,medium
1658265244351,7.0,7,7,low
1656566039707,34.0,34,34,low
1657147876426,30.0,30,30,low
1657184766779,7.0,7,7,low
1656287659674,80.0,80,80,medium
1658445749241,7.0,7,7,low
1655970198018,52.0,52,52,medium
1658281334320,7.0,7,7,low
1656255077629,141.0,141,141,medium
1656025380833,8.0,8,8,low
1656093233583,39.0,39,39,low
1658762420934,7.0,7,7,low
1656079100814,163.0,163,163,high
1656156765021,163.0,163,163,high
1656168655474,333.0,333,333,high
1656573894011,43.0,43,43,low
1657326193364,7.0,7,7,low
1656027902702,9.0,9,9,low
1656014715955,358.0,358,358,high
1658433518256,85.0,85,85,medium
1657430174518,1109.0,1109,1109,high
1655920447780,31.0,31,31,low
1656160198264,307.0,307,307,high
1656579064797,8.0,8,8,low
1655889183653,15.0,15,15,low
1656104547150,166.0,166,166,high
1656569318451,12.0,12,12,low
1658666441810,7.0,7,7,low
1657223325119,7.0,7,7,low
1656292376071,50.0,50,50,medium
1657371268422,7.0,7,7,low
1655979650054,18.0,18,18,low
1655940717737,74.0,74,74,medium
1656231294862,20.0,20,20,low
1657248023670,30.0,30,30,low
1656542972800,210.0,210,210,high
1655918701938,115.0,115,115,medium
1655927269079,55.0,55,55,medium
1656121700947,318.0,318,318,high
1656158920527,103.0,103,103,medium
1656502259138,20.0,20,20,low
1657114345959,8.0,8,8,low
1656009624003,64.0,64,64,medium
1656004667462,123.0,123,123,medium
1657302200393,7.0,7,7,low
1656619967106,72.75,69,76,medium
1657098955539,61.0,61,61,medium
1656022129783,119.0,119,119,medium
1656149055084,14.0,14,14,low
1657191185996,7.0,7,7,low
1656260029057,40.0,40,40,low
1656544218934,38.0,38,38,low
1659494154754,7.0,7,7,low
1656572939676,10.0,10,10,low
1657305350993,7.0,7,7,low
1655984628034,15.0,15,15,low
1655933201259,78.0,78,78,medium
1658360281371,7.0,7,7,low
1656006896680,93.0,93,93,medium
1657247996160,7.0,7,7,low
1658779744101,7.0,7,7,low
1658918931901,7.0,7,7,low
1655970496243,34.0,34,34,low
1656373756719,67.0,67,67,medium
1656497717243,69.0,69,69,medium
1656270923351,266.0,266,266,high
1655980480044,30.0,30,30,low
1658573119527,7.0,7,7,low
1656125903335,31.0,31,31,low
1656023247958,78.0,78,78,medium
1656361445015,80.0,80,80,medium
1656262603407,93.0,93,93,medium
1656251331060,18.0,18,18,low
1657164787335,7.0,7,7,low
1656553252868,128.0,128,128,medium
1656566954503,58.0,58,58,medium
1656129212173,6.0,6,6,low
1657341096235,7.0,7,7,low
1656417878869,8.0,8,8,low
1655922109504,347.0,347,347,high
1657406138827,7.0,7,7,low
1659369897648,7.0,7,7,low
1659275737266,7.0,7,7,low
1656517860064,86.0,86,86,medium
1656340366652,171.0,171,171,high
1656289643967,39.0,39,39,low
1657138762840,7.0,7,7,low
1656529704476,6.0,6,6,low
1656469408845,102.0,102,102,medium
1657173519787,7.0,7,7,low
1658573985284,697.0,697,697,high
1656310518731,28.0,28,28,low
1656042363979,108.0,108,108,medium
1657232359848,7.0,7,7,low
1655986694498,8.0,8,8,low
1657288505754,7.0,7,7,low
1655991423689,50.0,50,50,medium
1657126842783,7.0,7,7,low
1657426479250,7.0,7,7,low
1655967859832,8.0,8,8,low
1657402968051,7.0,7,7,low
1656318349196,35.0,35,35,low
1656144036861,80.0,80,80,medium
1657190952469,7.0,7,7,low
1656528702508,40.0,40,40,low
1658282825772,7.0,7,7,low
1656167815263,95.0,95,95,medium
1657181941652,7.0,7,7,low
1656387744261,54.0,54,54,medium
1656534924484,139.0,139,139,medium
1657145549386,7.0,7,7,low
1656033875132,332.0,332,332,high
1656421560230,91.0,91,91,medium
1656457619797,481.0,481,481,high
1657120819901,122.0,122,122,medium
1658577945442,7.0,7,7,low
1657220950207,7.0,7,7,low
1656184531783,127.0,127,127,medium
1656408128772,6.0,6,6,low
1656210043009,61.0,61,61,medium
1656178192548,46.0,46,46,low
1656216951600,235.0,235,235,high
1659066024656,248.0,248,248,high
1657246415597,30.0,30,30,low
1655976002733,8.0,8,8,low
1656280324626,201.0,201,201,high
1656608103925,8.0,8,8,low
1655963705873,36.0,36,36,low
1657155273531,7.0,7,7,low
1657181936600,7.0,7,7,low
1656480126386,13.0,13,13,low
1655928006660,270.0,270,270,high
1656116477135,70.0,70,70,medium
1658417118720,7.0,7,7,low
1657199128711,30.0,30,30,low
1656597761262,268.0,268,268,high
1655940654479,6.0,6,6,low
1656561094975,17.0,17,17,low
1658728947484,7.0,7,7,low
1656405772935,87.0,87,87,medium
1656188579733,6.0,6,6,low
1658717141251,7.0,7,7,low
1656265957879,85.0,85,85,medium
1656244357552,27.0,27,27,low
1656244046855,10.0,10,10,low
1657278934226,7.0,7,7,low
1656256135944,8.0,8,8,low
1657187660107,7.0,7,7,low
1656321974215,6.0,6,6,low
1656074828192,151.0,151,151,high
1656387983472,82.0,82,82,medium
1656035198403,48.0,48,48,low
1656211493587,121.0,121,121,medium
1656136547104,136.0,136,136,medium
1655998129770,75.0,75,75,medium
1657130220253,7.0,7,7,low
1655896221459,224.0,224,224,high
1656262061943,92.0,92,92,medium
1655968552328,218.0,218,218,high
1657308404341,7.0,7,7,low
1655953620850,6.0,6,6,low
1656250920225,26.0,26,26,low
1656156541302,8.0,8,8,low
1657253403314,30.0,30,30,low
1657339971354,50.0,50,50,medium
1656114990044,101.0,101,101,medium
1656134739448,18.0,18,18,low
1655926085982,53.0,53,53,medium
1656278911325,15.0,15,15,low
1657294128192,7.0,7,7,low
1656538764080,9.0,9,9,low
1658383375625,7.0,7,7,low
1656530917784,107.0,107,107,medium
1657111255983,7.0,7,7,low
1656435909512,392.0,392,392,high
1656204439282,97.0,97,97,medium
1656230932344,199.0,199,199,high
1658298894640,8.0,8,8,low
1656015070206,6.0,6,6,low
1656192652345,80.0,80,80,medium
1659208743057,7.0,7,7,low
1656234224503,23.0,23,23,low
1656185005864,6.0,6,6,low
1656261726954,101.0,101,101,medium
1655969100760,99.0,99,99,medium
1656160326078,101.0,101,101,medium
1656426567868,200.0,200,200,high
1656353558935,607.0,607,607,high
1656110809421,177.0,177,177,high
1656603282434,153.0,153,153,high
1656603596208,247.0,247,247,high
1655992612076,55.0,55,55,medium
1656399520143,109.0,109,109,medium
1656008615902,317.0,317,317,high
1657170026722,41.0,41,41,low
1659127253009,7.0,7,7,low
1657137211429,16.0,16,16,low
1657254439016,30.0,30,30,low
1657326377907,7.0,7,7,low
1656329191550,6.0,6,6,low
1656618883801,30.0,30,30,low
1658402882188,7.0,7,7,low
1656374417987,91.0,91,91,medium
1656264127394,69.0,69,69,medium
1655927907451,6.0,6,6,low
1656177438780,284.0,284,284,high
1656123589648,271.0,271,271,high
1656367682990,7.0,7,7,low
1656395087348,23.0,23,23,low
1656249639301,6.0,6,6,low
1657243399507,7.0,7,7,low
1657180184119,7.0,7,7,low
1656426783212,17.0,17,17,low
1658659677015,7.0,7,7,low
1656008339867,7.0,7,7,low
1657181421279,40.0,40,40,low
1656132079933,28.0,28,28,low
1656594338868,72.0,72,72,medium
1656563269006,113.0,113,113,medium
1656255283388,447.0,447,447,high
1656290591437,271.0,271,271,high
1656320146038,29.0,29,29,low
1656342603924,14.0,14,14,low
1656015710668,20.0,20,20,low
1659990767545,7.0,7,7,low
1656512821588,226.0,226,226,high
1656063694578,143.0,143,143,medium
1656387889124,10.0,10,10,low
1656287466330,5.0,5,5,low
1656212930720,132.0,132,132,medium
1656305831002,6.0,6,6,low
1656379694035,49.0,49,49,low
1656173489326,18.0,18,18,low
1656222275559,15.0,15,15,low
1656004706357,8.0,8,8,low
1656410470838,66.0,66,66,medium
1656602618409,83.0,83,83,medium
1655970635971,98.0,98,98,medium
1656010950205,28.0,28,28,low
1656525460859,50.0,50,50,medium
1657346717441,30.0,30,30,low
1656461140372,11.0,11,11,low
1655957065771,31.0,31,31,low
1657275455385,7.0,7,7,low
1657258461265,7.0,7,7,low
1656131533242,12.0,12,12,low
1656608139624,132.0,132,132,medium
1656187046702,466.0,466,466,high
1656189232290,27.0,27,27,low
1655939353965,104.0,104,104,medium
1657133818865,6.0,6,6,low
1656410397877,8.0,8,8,low
1656322766081,83.0,83,83,medium
1656537136862,8.0,8,8,low
1655987205552,207.0,207,207,high
1656599641231,6.0,6,6,low
1656120595935,152.0,152,152,high
1658322789809,7.0,7,7,low
1658839127766,7.0,7,7,low
1658423860364,7.0,7,7,low
1656361140647,127.0,127,127,medium
1657141593014,53.0,53,53,medium
1659399486586,7.0,7,7,low
1655925106837,50.0,50,50,medium
1657156001745,7.0,7,7,low
1656471407037,224.0,224,224,high
1656160460252,80.0,80,80,medium
1657244688474,7.0,7,7,low
1656381165676,165.0,165,165,high
1656544883265,8.0,8,8,low
1656497141239,62.0,62,62,medium
1656136059483,15.0,15,15,low
1656153540498,34.0,34,34,low
1656365186554,80.0,80,80,medium
1658354148085,7.0,7,7,low
1656155401879,33.0,33,33,low
1657349222927,30.0,30,30,low
1656596956796,87.0,87,87,medium
1656317883723,25.0,25,25,low
1656114366609,161.0,161,161,high
1656409124003,191.0,191,191,high
1658316063358,18.0,18,18,low
1657309976385,8.0,8,8,low
1656321840858,8.0,8,8,low
1655979917248,92.0,92,92,medium
1655955975669,171.0,171,171,high
1657124607953,212.0,212,212,high
1656013032322,61.0,61,61,medium
1656491880828,8.0,8,8,low
1656577370601,8.0,8,8,low
1657384975426,7.0,7,7,low
1656125789435,57.0,57,57,medium
1659259906837,7.0,7,7,low
1656064537027,34.0,34,34,low
1658405413619,7.0,7,7,low
1656437248297,210.0,210,210,high
1656328273735,7.0,7,7,low
1658269909235,7.0,7,7,low
1656602817704,104.0,104,104,medium
1658435717499,7.0,7,7,low
1656050618903,98.0,98,98,medium
1656215516427,7.0,7,7,low
1655949096003,157.0,157,157,high
1658788685980,7.0,7,7,low
1656333835040,164.0,164,164,high
1655985671169,21.0,21,21,low
1656105264124,28.0,28,28,low
1657251409741,7.0,7,7,low
1657180443729,6.0,6,6,low
1657396215535,30.0,30,30,low
1656411057444,23.0,23,23,low
1657113355950,65.0,65,65,medium
1656560364961,16.0,16,16,low
1655945113035,41.0,41,41,low
1656318584830,18.0,18,18,low
1656612226158,74.0,74,74,medium
1658304950680,7.0,7,7,low
1656234842024,13.0,13,13,low
1659172940148,7.0,7,7,low
1657176766558,7.0,7,7,low
1658297088566,134.0,134,134,medium
1656270857357,63.0,63,63,medium
1655954614454,61.0,61,61,medium
1656202283498,18.0,18,18,low
1656524905137,12.0,12,12,low
1658363881836,7.0,7,7,low
1656404191582,17.0,17,17,low
1656531958506,8.0,8,8,low
1657237946697,30.0,30,30,low
1657330754168,7.0,7,7,low
1655987339732,17.0,17,17,low
1656508933434,71.0,71,71,medium
1657200811031,7.0,7,7,low
1656140172156,14.0,14,14,low
1656230021095,278.0,278,278,high
1656534653479,203.0,203,203,high
1656117445568,346.0,346,346,high
1655929206309,180.0,180,180,high
1656258943007,24.0,24,24,low
1655954965433,18.0,18,18,low
1657211658971,7.0,7,7,low
1658430995786,7.0,7,7,low
1657210835813,7.0,7,7,low
1658355307544,7.0,7,7,low
1657348691094,7.0,7,7,low
1656066250535,237.0,237,237,high
1655941118971,28.0,28,28,low
1656031414357,271.0,271,271,high
1657226340343,7.0,7,7,low
1657378960245,7.0,7,7,low
1657219991574,30.0,30,30,low
1657098277347,148.0,148,148,medium
1656075724993,36.0,36,36,low
1655939796578,14.0,14,14,low
1656107540844,24.75,24,25,low
1656516411471,124.0,124,124,medium
1657363697055,7.0,7,7,low
1655908921964,197.0,197,197,high
1658473505364,7.0,7,7,low
1656087899620,24.0,24,24,low
1656376777660,10.0,10,10,low
1658326191494,6.0,6,6,low
1656490469756,11.0,11,11,low
1655981548306,197.0,197,197,high
1658271350471,49.0,49,49,low
1656020153147,160.25,158,161,high
1657124539161,75.0,75,75,medium
1657182342939,145.0,145,145,medium
1657235820795,7.0,7,7,low
1657156644547,7.0,7,7,low
1655950591052,140.0,140,140,medium
1655932383379,286.0,286,286,high
1656110856537,7.0,7,7,low
1657340126462,7.0,7,7,low
1656079572468,11.0,11,11,low
1656040073032,239.0,239,239,high
1656580131499,70.0,70,70,medium
1657340273207,220.0,220,220,high
1656041662523,386.0,386,386,high
1658362856441,37.0,37,37,low
1656161370663,38.0,38,38,low
1658317610034,53.0,53,53,medium
1655923921422,37.0,37,37,low
1657434129555,7.0,7,7,low
1656324254675,6.0,6,6,low
1658442751544,7.0,7,7,low
1655932006022,221.0,221,221,high
1656182559995,101.0,101,101,medium
1656167163565,93.0,93,93,medium
1656423098840,31.0,31,31,low
1656333281726,278.0,278,278,high
1656521009725,79.0,79,79,medium
1659033697237,7.0,7,7,low
1656459634133,122.0,122,122,medium
1656567366319,8.0,8,8,low
1656154548947,21.0,21,21,low
1656263524558,145.0,145,145,medium
1656266852605,97.0,97,97,medium
1656576197929,7.0,7,7,low
1656352068812,15.0,15,15,low
1656169586601,7.0,7,7,low
1655958788974,35.0,35,35,low
1656029838057,141.0,141,141,medium
1656158595463,132.0,132,132,medium
1656316802601,8.0,8,8,low
1656381640697,126.0,126,126,medium
1657088419979,8.0,8,8,low
1656220739386,8.0,8,8,low
1657270756728,757.0,757,757,high
1655957966973,141.0,141,141,medium
1655996350308,286.0,286,286,high
1658685278922,7.0,7,7,low
1656247018753,123.0,123,123,medium
1655944821674,234.0,234,234,high
1657172343137,30.0,30,30,low
1656547337282,21.0,21,21,low
1656156736552,92.0,92,92,medium
1656279465415,14.0,14,14,low
1657183234197,235.0,235,235,high
1656543049805,134.0,134,134,medium
1657146707568,17.0,17,17,low
1657204065920,7.0,7,7,low
1655978454405,155.0,155,155,high
1656400521345,8.0,8,8,low
1655895746778,122.0,122,122,medium
1656598582070,50.0,50,50,medium
1656008037558,160.0,157,161,high
1656233333286,92.0,92,92,medium
1657099265342,298.0,298,298,high
1656224396455,8.0,8,8,low
1655950000273,203.0,203,203,high
1656399203020,111.0,111,111,medium
1655917946571,39.0,39,39,low
1657230829265,7.0,7,7,low
1656281063548,95.0,95,95,medium
1656071806117,8.0,8,8,low
1656082055025,50.0,50,50,medium
1657312986661,7.0,7,7,low
1656604114374,20.0,20,20,low
1656443739369,8.0,8,8,low
1656434733690,219.0,219,219,high
1658282219300,7.0,7,7,low
1656385857300,188.0,188,188,high
1656130973367,6.0,6,6,low
1656343632849,89.0,89,89,medium
1655948387019,10.0,10,10,low
1656224631002,264.0,264,264,high
1658495225496,7.0,7,7,low
1656159201336,221.0,221,221,high
1655925357681,57.0,57,57,medium
1657332555618,30.0,30,30,low
1656064204484,10.0,10,10,low
1655928632146,19.0,19,19,low
1658602030568,7.0,7,7,low
1656310966133,77.0,77,77,medium
1658324092472,7.0,7,7,low
1656266506656,90.0,90,90,medium
1656046625854,17.0,17,17,low
1658507544016,7.0,7,7,low
1658490421667,7.0,7,7,low
1656266396524,33.0,33,33,low
1656610681400,61.0,61,61,medium
1657344727175,7.0,7,7,low
1657359963528,30.0,30,30,low
1657231449391,7.0,7,7,low
1656170547252,51.0,51,51,medium
1658339737329,7.0,7,7,low
1658490789004,7.0,7,7,low
1656603433910,86.0,86,86,medium
1656207073132,208.0,208,208,high
1656548640933,6.0,6,6,low
1656166501075,52.0,52,52,medium
1656483660482,8.0,8,8,low
1655968840315,197.0,197,197,high
1656126713160,155.0,155,155,high
1656324509738,22.0,22,22,low
1658811917777,7.0,7,7,low
1655988528046,36.0,36,36,low
1657132600709,30.0,30,30,low
1656164311744,133.0,133,133,medium
1656538851658,89.0,89,89,medium
1655940718214,77.0,77,77,medium
1657316475370,30.0,30,30,low
1655962666550,12.0,12,12,low
1656421754929,122.0,122,122,medium
1657164804337,7.0,7,7,low
1656107596934,53.0,53,53,medium
1657204032828,558.0,558,558,high
1655945674004,360.0,360,360,high
1656271719858,16.0,16,16,low
1658592428085,7.0,7,7,low
1656307666548,8.0,8,8,low
1656036408032,17.0,17,17,low
1656243445044,380.0,380,380,high
1655938339604,165.0,165,165,high
1656000120248,6.0,6,6,low
1658538875022,7.0,7,7,low
1658326365479,142.0,142,142,medium
1657095451568,20.0,20,20,low
1656283981884,142.0,142,142,medium
1656098958923,6.0,6,6,low
1656160660602,15.0,15,15,low
1657409538581,7.0,7,7,low
1655998103616,82.0,82,82,medium
1657243206226,7.0,7,7,low
1657212662249,7.0,7,7,low
1658297352784,199.0,199,199,high
1657224311340,30.0,30,30,low
1656033569671,20.0,20,20,low
1656001376199,226.0,226,226,high
1656086753915,17.0,17,17,low
1656161810824,227.0,227,227,high
1657147976471,7.0,7,7,low
1656611604524,10.0,10,10,low
1656177767903,108.0,108,108,medium
1657231662563,7.0,7,7,low
1658600856579,7.0,7,7,low
1656035153551,392.0,392,392,high
1656117185170,8.0,8,8,low
1656135364379,524.0,524,524,high
1655898296965,8.0,8,8,low
1656207716381,8.0,8,8,low
1658279481149,7.0,7,7,low
1656022353411,238.0,238,238,high
1656510651241,25.0,25,25,low
1657234088529,7.0,7,7,low
1656615177676,6.0,6,6,low
1657376300469,30.0,30,30,low
1655918571794,106.0,106,106,medium
1656072299203,145.0,145,145,medium
1656220948599,170.0,170,170,high
1656159106925,6.0,6,6,low
1658576966491,7.0,7,7,low
1655925141244,8.0,8,8,low
1656373399226,228.0,228,228,high
1656122714660,262.0,262,262,high
1656203468485,252.0,252,252,high
1656143785549,38.0,38,38,low
1656598514585,114.0,108,116,medium
1656577123686,103.0,103,103,medium
1656139276399,16.0,16,16,low
1655951612208,38.0,38,38,low
1656147156768,52.0,52,52,medium
1656338345577,6.0,6,6,low
1655936357208,120.0,120,120,medium
1657292406667,30.0,30,30,low
1658284694726,195.0,195,195,high
1655912062445,70.0,70,70,medium
1657096116639,79.0,79,79,medium
1656436408240,6.0,6,6,low
1656611579678,14.0,14,14,low
1656466438721,53.0,53,53,medium
1656546768305,18.0,18,18,low
1656032790317,131.0,131,131,medium
1656614298703,122.0,122,122,medium
1657206182281,7.0,7,7,low
1656144463589,168.0,168,168,high
1657118007513,6.0,6,6,low
1655947402461,52.0,52,52,medium
1657413358416,7.0,7,7,low
1658439928489,7.0,7,7,low
1657380147632,30.0,30,30,low
1656128546368,495.0,495,495,high
1658428838916,7.0,7,7,low
1656538357350,60.0,60,60,medium
1656321222262,87.0,87,87,medium
1656055689409,8.0,8,8,low
1657313300227,7.0,7,7,low
1657411495174,34.0,34,34,low
1656192488081,7.0,7,7,low
1657179527275,30.0,30,30,low
1656253512122,74.0,74,74,medium
1656252640613,161.0,161,161,high
1656332498456,13.0,13,13,low
1659183622878,7.0,7,7,low
1656449910093,262.0,262,262,high
1656246177471,39.0,39,39,low
1656581098420,86.0,86,86,medium
1655996138307,265.0,265,265,high
1656589882789,7.0,7,7,low
1656513411356,6.0,6,6,low
1657238981474,30.0,30,30,low
1658300943972,7.0,7,7,low
1656254841602,6.0,6,6,low
1658266239922,7.0,7,7,low
1656595120530,146.0,146,146,medium
1655968354895,31.0,31,31,low
1656560114909,148.0,148,148,medium
1656232369109,79.0,79,79,medium
1656071572075,14.0,14,14,low
1658877272440,7.0,7,7,low
1655986303774,109.0,109,109,medium
1656370918039,13.0,13,13,low
1656392273543,30.0,30,30,low
1658475879647,7.0,7,7,low
1659741272849,7.0,7,7,low
1656245957245,104.0,104,104,medium
1657106388133,9.0,9,9,low
1657390159365,7.0,7,7,low
1657336289718,7.0,7,7,low
1656373961846,8.0,8,8,low
1655900545550,194.0,194,194,high
1657256106562,30.0,30,30,low
1658303346886,7.0,7,7,low
1657134447440,8.0,8,8,low
1656290215106,168.0,168,168,high
1656492076016,168.0,165,171,high
1656211158913,8.0,8,8,low
1656537706516,183.0,183,183,high
1656437936121,111.0,111,111,medium
1655930390519,286.0,286,286,high
1656587187697,6.0,6,6,low
1656119082052,6.0,6,6,low
1656531303197,163.0,163,163,high
1657322747943,7.0,7,7,low
1655957013558,197.0,197,197,high
1656298241120,55.0,55,55,medium
1658319690387,7.0,7,7,low
1657340271394,7.0,7,7,low
1657287085035,7.0,7,7,low
1656302036433,243.0,243,243,high
1656337757987,6.0,6,6,low
1657093944653,52.0,52,52,medium
1656523721287,181.0,181,181,high
1657097546091,78.0,78,78,medium
1655959863627,48.0,48,48,low
1656414934051,15.0,15,15,low
1657218220740,30.0,30,30,low
1656556820496,6.0,6,6,low
1656032907387,6.0,6,6,low
1656473586417,94.0,94,94,medium
1657174639341,7.0,7,7,low
1656606146131,123.5,119,125,medium
1658406734830,7.0,7,7,low
1655949134475,112.0,112,112,medium
1655956824033,317.0,317,317,high
1657199751733,30.0,30,30,low
1659694179880,7.0,7,7,low
1660165394062,7.0,7,7,low
1657111448791,166.0,166,166,high
1657090631911,8.0,8,8,low
1655965214733,155.0,155,155,high
1655943102384,270.0,270,270,high
1656334592275,30.0,30,30,low
1656531407868,6.0,6,6,low
1656006782486,10.0,10,10,low
1655938525184,37.0,37,37,low
1655978722932,127.0,127,127,medium
1655905044157,102.0,102,102,medium
1656545590373,6.0,6,6,low
1656174897093,549.0,549,549,high
1657279707108,30.0,30,30,low
1659568638739,7.0,7,7,low
1658438187639,7.0,7,7,low
1656494100048,8.0,8,8,low
1656414107250,8.0,8,8,low
1656063873681,351.0,351,351,high
1656139203458,6.0,6,6,low
1659203035914,7.0,7,7,low
1656086365622,6.0,6,6,low
1657346654190,7.0,7,7,low
1658599147611,7.0,7,7,low
1656000972106,6.0,6,6,low
1656268637149,14.0,14,14,low
1657197738553,62.0,62,62,medium
1656432969613,8.0,8,8,low
1656540463800,130.0,130,130,medium
1658367326604,7.0,7,7,low
1656291700467,7.0,7,7,low
1655894826294,148.0,148,148,medium
1655979720405,10.0,10,10,low
1656047537571,8.0,8,8,low
1657289209542,7.0,7,7,low
1658815235454,7.0,7,7,low
1656615952644,8.0,8,8,low
1656362620040,108.0,108,108,medium
1657120751991,78.0,78,78,medium
1657336747404,7.0,7,7,low
1656490083056,107.0,107,107,medium
1656302012565,308.0,308,308,high
1656355445099,61.0,61,61,medium
1657378267610,7.0,7,7,low
1656563712886,8.0,8,8,low
1656533281687,36.0,36,36,low
1657357838779,30.0,30,30,low
1656240496751,62.0,62,62,medium
1656027323146,92.0,92,92,medium
1656297100093,98.0,98,98,medium
1656003723803,8.0,8,8,low
1655990868858,136.0,136,136,medium
1656107865235,54.0,54,54,medium
1655996905357,112.0,112,112,medium
1657260311719,7.0,7,7,low
1657222475625,7.0,7,7,low
1657137546423,7.0,7,7,low
1656250176806,116.0,116,116,medium
1657241717276,7.0,7,7,low
1655953271015,85.0,85,85,medium
1656542816805,84.0,84,84,medium
1656142753356,87.0,87,87,medium
1657141267625,79.0,79,79,medium
1656112834020,29.0,29,29,low
1658380859647,7.0,7,7,low
1656141115062,425.0,425,425,high
1655953124446,22.0,22,22,low
1656151601709,13.0,13,13,low
1657395264707,7.0,7,7,low
1656274213280,34.0,34,34,low
1656595382477,63.0,63,63,medium
1656344947690,61.0,61,61,medium
1656379232878,284.0,284,284,high
1657264400965,7.0,7,7,low
1656041805632,40.0,40,40,low
1656297557428,9.0,9,9,low
1656342134669,19.0,19,19,low
1658983940363,7.0,7,7,low
1656132391083,99.0,93,101,medium
1658388932299,7.0,7,7,low
1656551602554,17.0,17,17,low
1656192095532,130.0,130,130,medium
1660025872828,7.0,7,7,low
1655996802488,11.0,11,11,low
1656112406815,23.0,23,23,low
1656291976533,62.0,62,62,medium
1658310231749,7.0,7,7,low
1657095025189,12.0,12,12,low
1656430876201,153.0,153,153,high
1658799945641,7.0,7,7,low
1656309259760,68.0,68,68,medium
1656303131034,130.0,130,130,medium
1656600065383,78.0,78,78,medium
1655973238232,77.0,77,77,medium
1656337394803,226.0,226,226,high
1657424575110,7.0,7,7,low
1656159359015,109.0,109,109,medium
1655915183938,135.0,135,135,medium
1656391230443,46.0,46,46,low
1657108098119,6.0,6,6,low
1656280615586,6.0,6,6,low
1656370376367,43.0,43,43,low
1658934667461,7.0,7,7,low
1656262686323,6.0,6,6,low
1657101850060,30.0,30,30,low
1657391647655,30.0,30,30,low
1656011511591,6.0,6,6,low
1657186623337,7.0,7,7,low
1656257115827,213.0,213,213,high
1656410534868,31.0,31,31,low
1658794075429,7.0,7,7,low
1657086587477,166.0,166,166,high
1658392651286,7.0,7,7,low
1655958579106,18.0,18,18,low
1656082129143,72.0,72,72,medium
1657349199728,7.0,7,7,low
1656265942683,17.0,17,17,low
1658339507720,7.0,7,7,low
1657150239838,7.0,7,7,low
1656135931647,122.0,122,122,medium
1657119594757,7.0,7,7,low
1658640700448,7.0,7,7,low
1656152875637,6.0,6,6,low
1655939412635,36.0,36,36,low
1656342959776,51.0,51,51,medium
1656152275905,70.0,70,70,medium
1657208139486,132.0,132,132,medium
1657431395782,7.0,7,7,low
1658271605951,7.0,7,7,low
1656277332049,95.0,89,97,medium
1656416263842,138.0,138,138,medium
1655972676293,19.0,19,19,low
1656285570481,198.0,198,198,high
1656443617799,8.0,8,8,low
1658509342417,7.0,7,7,low
1656125253610,280.0,280,280,high
1656024012314,6.0,6,6,low
1656182413000,13.0,13,13,low
1656511153184,95.0,95,95,medium
1656132960437,54.0,54,54,medium
1655963996707,7.0,7,7,low
1656415364203,195.0,195,195,high
1657108066505,171.0,171,171,high
1656383132522,17.0,17,17,low
1656144184929,8.0,8,8,low
1656017536910,19.0,19,19,low
1658490626059,7.0,7,7,low
1656618461395,18.0,18,18,low
1658465869922,7.0,7,7,low
1656588563704,37.0,37,37,low
1655979981766,418.0,418,418,high
1655935724153,41.0,34,48,low
1656320909528,28.0,28,28,low
1657327280967,30.0,30,30,low
1656231782244,271.0,271,271,high
1656381936870,182.0,182,182,high
1656326793907,6.0,6,6,low
1657276496527,7.0,7,7,low
1656591769491,74.0,74,74,medium
1656040023151,33.0,33,33,low
1655976778882,150.0,150,150,medium
1656483309332,238.0,238,238,high
1658853389826,7.0,7,7,low
1656561997187,56.0,56,56,medium
1655989188274,148.0,148,148,medium
1658387091080,7.0,7,7,low
1658438389113,7.0,7,7,low
1656250968329,20.0,20,20,low
1658292249019,32.0,32,32,low
1656283732800,268.0,268,268,high
1656217115247,17.0,17,17,low
1656359481674,6.0,6,6,low
1655967883136,126.0,126,126,medium
1656079728963,49.0,49,49,low
1657296287073,7.0,7,7,low
1656158670284,44.0,44,44,low
1656202563848,6.0,6,6,low
1657176920859,7.0,7,7,low
1656401334187,149.0,149,149,medium
1656134821686,16.0,16,16,low
1656319095529,271.0,271,271,high
1656135706349,15.0,15,15,low
1656013763694,6.0,6,6,low
1656091922455,57.0,57,57,medium
1656432947124,37.0,37,37,low
1658435379403,7.0,7,7,low
1657365028169,30.0,30,30,low
1655940456935,207.0,207,207,high
1657364465936,30.0,30,30,low
1656411410350,286.0,286,286,high
1656548924725,6.0,6,6,low
1657390506612,7.0,7,7,low
1655985118356,54.0,54,54,medium
1656179269897,8.0,8,8,low
1659692023462,7.0,7,7,low
1658392613427,7.0,7,7,low
1655959932392,100.0,100,100,medium
1657083366536,109.0,109,109,medium
1657321726719,7.0,7,7,low
1657380752223,7.0,7,7,low
1659709605171,112.0,112,112,medium
1656571550976,131.0,131,131,medium
1657323856167,7.0,7,7,low
1656147929975,18.0,18,18,low
1656335750572,17.0,17,17,low
1656363245516,209.0,209,209,high
1658527878084,7.0,7,7,low
1657132435496,7.0,7,7,low
1656514747519,6.0,6,6,low
1656207847725,119.0,119,119,medium
1656171108848,208.0,208,208,high
1656568568374,89.0,89,89,medium
1658684196745,7.0,7,7,low
1656522437663,6.0,6,6,low
1656295171934,44.0,44,44,low
1658575513181,7.0,7,7,low
1657141170060,7.0,7,7,low
1656614768481,492.0,492,492,high
1657295357992,7.0,7,7,low
1658279673263,7.0,7,7,low
1658373424569,216.0,216,216,high
1656031317254,6.0,6,6,low
1658322793748,7.0,7,7,low
1657462278272,7.0,7,7,low
1656001068273,100.0,100,100,medium
1656090218388,265.0,265,265,high
1657238331040,7.0,7,7,low
1658357148880,7.0,7,7,low
1656222582027,141.0,141,141,medium
1656139394954,8.0,8,8,low
1656350156545,149.0,149,149,medium
1656120941611,6.0,6,6,low
1658299278092,7.0,7,7,low
1656586795278,228.0,228,228,high
1657178730158,30.0,30,30,low
1656515085156,24.0,24,24,low
1657338972550,7.0,7,7,low
1657303085204,116.0,116,116,medium
1657255378425,7.0,7,7,low
1656258056627,34.0,34,34,low
1656080809585,53.0,53,53,medium
1656370413767,127.0,127,127,medium
1656330960652,371.0,371,371,high
1656275749925,33.0,33,33,low
1658288365770,7.0,7,7,low
1658418440359,7.0,7,7,low
1656505175809,362.0,362,362,high
1655981280954,237.0,237,237,high
1656059293930,59.0,59,59,medium
1656253627871,48.0,48,48,low
1657147851962,7.0,7,7,low
1656124704175,53.0,53,53,medium
1656089126453,22.0,22,22,low
1656571955939,8.0,8,8,low
1656031103174,181.0,181,181,high
1656130533835,25.0,25,25,low
1657259571689,7.0,7,7,low
1656364306036,48.0,48,48,low
1656213827419,384.0,384,384,high
1656220086725,56.0,56,56,medium
1657214673734,7.0,7,7,low
1656054740263,18.0,18,18,low
1658301068922,95.0,95,95,medium
1658747273842,7.0,7,7,low
1657350240364,30.0,30,30,low
1657183233975,19.0,19,19,low
1656265189032,6.0,6,6,low
1655982069403,35.0,35,35,low
1660183225677,7.0,7,7,low
1656002584272,51.0,51,51,medium
1656459885809,122.0,122,122,medium
1655981444005,117.0,117,117,medium
1657201276575,7.0,7,7,low
1656278416837,8.0,8,8,low
1656085347621,299.0,299,299,high
1655906753953,72.0,72,72,medium
1656297217733,20.0,20,20,low
1657212661728,7.0,7,7,low
1657197561172,30.0,30,30,low
1656616646690,6.0,6,6,low
1656168703554,259.0,259,259,high
1656086803396,35.0,35,35,low
1657158321527,13.0,13,13,low
1656007208916,6.0,6,6,low
1659247684919,7.0,7,7,low
1656124306535,47.0,47,47,low
1656175341199,207.0,207,207,high
1656286683247,104.0,104,104,medium
1656185431005,271.0,271,271,high
1658303548223,260.0,260,260,high
1657305204393,7.0,7,7,low
1656543022466,29.0,29,29,low
1658477188018,7.0,7,7,low
1657335342397,30.0,30,30,low
1656001286457,185.0,185,185,high
1655934247155,103.0,103,103,medium
1656237818959,112.0,112,112,medium
1656382086374,218.0,218,218,high
1656127684299,64.0,64,64,medium
1656160532141,17.0,17,17,low
1657311112951,7.0,7,7,low
1656006125256,12.0,12,12,low
1657451901103,7.0,7,7,low
1657107316018,123.5,119,125,medium
1657186289796,7.0,7,7,low
1656326409637,558.0,558,558,high
1657089723776,6.0,6,6,low
1656213938436,6.0,6,6,low
1656550375354,517.0,517,517,high
1658473395046,27.0,27,27,low
1657287066905,7.0,7,7,low
1656608347981,228.0,228,228,high
1656103609384,124.0,124,124,medium
1656512920578,309.0,309,309,high
1657146241478,30.0,30,30,low
1656367113301,329.0,329,329,high
1656596785812,8.0,8,8,low
1656119567264,201.0,201,201,high
1656427731383,34.0,34,34,low
1659051224146,7.0,7,7,low
1656138048252,6.0,6,6,low
1657363707241,7.0,7,7,low
1657226080713,7.0,7,7,low
1657105648684,64.0,64,64,medium
1656488922954,85.0,85,85,medium
1656597108314,188.0,188,188,high
1656005851946,18.0,18,18,low
1656079478803,37.0,37,37,low
1656268618181,7.0,7,7,low
1657307152269,7.0,7,7,low
1656124273488,238.0,238,238,high
1657335712455,30.0,30,30,low
1656187121064,89.0,89,89,medium
1657251898781,7.0,7,7,low
1655958078307,304.0,304,304,high
1655925057122,6.0,6,6,low
1656531453163,6.0,6,6,low
1655943804221,66.0,66,66,medium
1656119967035,102.0,102,102,medium
1655955097220,96.0,96,96,medium
1657093725049,11.0,11,11,low
1658323735032,7.0,7,7,low
1656117199877,102.0,102,102,medium
1656578313055,58.0,58,58,medium
1658849807557,7.0,7,7,low
1656054864779,8.0,8,8,low
1655928504386,39.0,39,39,low
1658351419576,7.0,7,7,low
1656101028305,6.0,6,6,low
1656364603135,74.0,74,74,medium
1659980582758,7.0,7,7,low
1656251346947,237.0,237,237,high
1656377888609,141.0,141,141,medium
1655976351906,6.0,6,6,low
1656271553741,102.0,102,102,medium
1656159594069,228.0,228,228,high
1656577169900,68.0,68,68,medium
1656599610382,38.0,38,38,low
1656391913991,19.0,19,19,low
1656310150233,23.0,23,23,low
1656224854347,286.0,286,286,high
1656526876314,12.0,12,12,low
1656558482995,40.0,40,40,low
1657342774648,30.0,30,30,low
1657314577355,7.0,7,7,low
1657294877644,30.0,30,30,low
1656322193685,44.0,44,44,low
1656279775709,23.0,23,23,low
1656219766215,147.0,147,147,medium
1658396081140,7.0,7,7,low
1657343795563,30.0,30,30,low
1656299696794,252.0,252,252,high
1658454251665,7.0,7,7,low
1656386655900,119.0,119,119,medium
1657107417444,189.0,189,189,high
1656021720097,109.0,109,109,medium
1656214499583,84.0,84,84,medium
1656433992682,23.0,23,23,low
1656012550669,15.0,15,15,low
1657272683459,30.0,30,30,low
1658467197825,7.0,7,7,low
1656499645097,51.0,51,51,medium
1656267665759,167.0,167,167,high
1658312156304,7.0,7,7,low
1657226094941,30.0,30,30,low
1656132506407,53.0,53,53,medium
1656119485180,47.0,47,47,low
1656367796716,204.0,204,204,high
1655970756170,22.0,22,22,low
1656218051926,57.0,57,57,medium
1657248731011,7.0,7,7,low
1656058234414,412.0,412,412,high
1656368594488,43.0,43,43,low
1658381703155,7.0,7,7,low
1656429806424,40.0,40,40,low
1656151333812,182.0,182,182,high
1657223172856,30.0,30,30,low
1655916913922,6.0,6,6,low
1655941449862,84.0,84,84,medium
1656035957255,149.0,149,149,medium
1657370003798,7.0,7,7,low
1657304877660,30.0,30,30,low
1656108301772,37.0,37,37,low
1656325320234,10.0,10,10,low
1657266690873,30.0,30,30,low
1656384850177,159.0,159,159,high
1656386035755,115.0,115,115,medium
1656222146477,37.0,37,37,low
1657142002804,7.0,7,7,low
1657418826917,66.0,66,66,medium
1656110924238,62.0,62,62,medium
1656482284382,144.0,144,144,medium
1656201436133,41.0,41,41,low
1659423271330,7.0,7,7,low
1657238887767,78.0,78,78,medium
1656257446328,77.0,77,77,medium
1656027849903,109.0,109,109,medium
1657404958539,7.0,7,7,low
1657253935118,30.0,30,30,low
1656320549296,6.0,6,6,low
1656360876643,227.0,227,227,high
1657138874159,101.0,101,101,medium
1656411705854,46.0,46,46,low
1656206514666,188.0,188,188,high
1656597203050,13.0,13,13,low
1657319547985,30.0,30,30,low
1658339001522,7.0,7,7,low
1656558400985,83.0,83,83,medium
1657242795003,7.0,7,7,low
1658432257284,7.0,7,7,low
1656460239885,8.0,8,8,low
1659277058726,7.0,7,7,low
1657427252484,7.0,7,7,low
1656258125711,8.0,8,8,low
1655978719906,44.0,44,44,low
1656251510053,35.0,35,35,low
1657178298450,30.0,30,30,low
1658276988940,7.0,7,7,low
1657349946264,7.0,7,7,low
1656054284041,8.0,8,8,low
1656233848274,10.0,10,10,low
1656142420791,29.0,29,29,low
1655995210601,8.0,8,8,low
1656252994425,70.0,70,70,medium
1656176962729,8.0,8,8,low
1656165867821,6.0,6,6,low
1656414677810,59.0,59,59,medium
1657384891492,7.0,7,7,low
1656310748594,8.0,8,8,low
1658359062053,8.0,8,8,low
1656225272747,11.0,11,11,low
1658349197392,7.0,7,7,low
1657113729755,7.0,7,7,low
1656333077509,254.0,254,254,high
1657431577653,30.0,30,30,low
1657400411907,7.0,7,7,low
1656404303746,66.0,66,66,medium
1656105533858,187.0,187,187,high
1657233818592,182.0,182,182,high
1656016495104,41.0,41,41,low
1656406999509,96.0,96,96,medium
1656512486973,137.0,137,137,medium
1656068291929,17.0,17,17,low
1656085277978,8.0,8,8,low
1657141861100,88.25,86,89,medium
1656116234397,459.0,459,459,high
1656368189188,111.0,111,111,medium
1655996400349,6.0,6,6,low
1656168503705,40.0,40,40,low
1656579839092,23.0,23,23,low
1656566812157,60.0,60,60,medium
1657162438915,30.0,30,30,low
1655951270740,27.0,27,27,low
1656081787594,8.0,8,8,low
1657111429457,159.0,159,159,high
1656011373763,8.0,8,8,low
1656095541728,186.0,186,186,high
1656259838043,6.0,6,6,low
1656075026801,8.0,8,8,low
1656216842101,52.0,52,52,medium
1655975209051,21.0,21,21,low
1656121917496,6.0,6,6,low
1656459267438,265.0,265,265,high
1660159192849,7.0,7,7,low
1657462618886,7.0,7,7,low
1655935480708,200.0,200,200,high
1656353840379,123.5,119,125,medium
1656349442553,30.0,30,30,low
1656523411935,15.0,15,15,low
1656528912474,54.0,54,54,medium
1656055764129,169.0,169,169,high
1657352525770,7.0,7,7,low
1657131848624,30.0,30,30,low
1656108318802,6.0,6,6,low
1657124534377,30.0,30,30,low
1656573911374,30.0,30,30,low
1656284936503,19.0,19,19,low
1657174047393,7.0,7,7,low
1658354716402,7.0,7,7,low
1655969084541,83.0,83,83,medium
1657247034690,7.0,7,7,low
1658812978109,7.0,7,7,low
1656557496602,733.0,733,733,high
1659147818819,7.0,7,7,low
1657250271053,7.0,7,7,low
1655918268648,14.0,14,14,low
1656323111654,34.0,34,34,low
1656347367837,44.0,44,44,low
1656242062260,25.0,25,25,low
1657165686779,7.0,7,7,low
1656284783720,6.0,6,6,low
1659665334838,7.0,7,7,low
1656032359309,59.0,59,59,medium
1657327923022,7.0,7,7,low
1656486278440,164.0,164,164,high
1659337331401,7.0,7,7,low
1656234723323,207.0,207,207,high
1656007915670,8.0,8,8,low
1659912592632,7.0,7,7,low
1656110783213,7.0,7,7,low
1655975526161,26.0,26,26,low
1657109984604,188.0,188,188,high
1656374797612,17.0,17,17,low
1656249110033,6.0,6,6,low
1657438869432,30.0,30,30,low
1657162020027,30.0,30,30,low
1656070411928,153.0,153,153,high
1657180841931,7.0,7,7,low
1657395659053,7.0,7,7,low
1656105502482,110.0,110,110,medium
1658990882617,7.0,7,7,low
1657398201754,7.0,7,7,low
1656590990570,173.0,173,173,high
1656098760803,662.0,662,662,high
1656549177102,77.0,77,77,medium
1658280128018,365.0,365,365,high
1656246391597,39.0,39,39,low
1656337196607,16.0,16,16,low
1656179172348,15.0,15,15,low
1657232688507,7.0,7,7,low
1657267492793,7.0,7,7,low
1656140278711,126.0,126,126,medium
1657164509956,30.0,30,30,low
1656030867454,92.0,92,92,medium
1658610964168,7.0,7,7,low
1657119834278,30.0,30,30,low
1656356069124,267.0,267,267,high
1656024593401,8.0,8,8,low
1657217798900,7.0,7,7,low
1655892539153,10.0,10,10,low
1659166695382,7.0,7,7,low
1656360639900,6.0,6,6,low
1657131070607,8.0,8,8,low
1658437123127,7.0,7,7,low
1657148574628,7.0,7,7,low
1657353015790,7.0,7,7,low
1659422209947,7.0,7,7,low
1656007860836,32.0,32,32,low
1657366192433,30.0,30,30,low
1656391596391,49.0,49,49,low
1655977814560,6.0,6,6,low
1655976240931,166.0,166,166,high
1656068256808,51.0,51,51,medium
1656131235865,37.0,37,37,low
1657161131499,30.0,30,30,low
1658357566568,7.0,7,7,low
1656226777623,8.0,8,8,low
1655930113859,37.0,37,37,low
1656304211340,15.0,15,15,low
1656483619980,8.0,8,8,low
1658529217605,7.0,7,7,low
1656125207452,200.0,200,200,high
1657188111096,30.0,30,30,low
1656208097859,33.0,33,33,low
1657298025712,30.0,30,30,low
1657425041879,30.0,30,30,low
1657157666769,7.0,7,7,low
1658670801594,7.0,7,7,low
1656276104739,23.0,23,23,low
1657346571923,30.0,30,30,low
1658451104566,7.0,7,7,low
1656373201171,17.0,17,17,low
1657252745181,7.0,7,7,low
1656388243915,23.0,23,23,low
1656021541403,18.0,18,18,low
1657200197289,6.0,6,6,low
1656242810154,34.0,34,34,low
1658749702908,7.0,7,7,low
1657312896305,7.0,7,7,low
1658287161495,6.0,6,6,low
1657273448710,30.0,30,30,low
1657231223980,7.0,7,7,low
1657098029818,52.0,52,52,medium
1656079135868,8.0,8,8,low
1658387142966,7.0,7,7,low
1656529499887,15.0,15,15,low
1656286835535,57.0,57,57,medium
1657226593076,7.0,7,7,low
1656527275899,153.0,153,153,high
1657388673210,7.0,7,7,low
1656355218908,12.0,12,12,low
1655969102747,16.0,16,16,low
1656597735707,118.0,118,118,medium
1655998882026,38.0,38,38,low
1655904325731,222.0,222,222,high
1657253355335,7.0,7,7,low
1656416185885,8.0,8,8,low
1656223523699,12.0,12,12,low
1657309932195,7.0,7,7,low
1656452392147,8.0,8,8,low
1657368357518,7.0,7,7,low
1656049594615,139.0,139,139,medium
1656401829772,68.0,68,68,medium
1657333051589,7.0,7,7,low
1657382461107,7.0,7,7,low
1656444815505,6.0,6,6,low
1656127366835,8.0,8,8,low
1656135570723,8.0,8,8,low
1656057820807,15.0,15,15,low
1655936153823,6.0,6,6,low
1657202462208,30.0,30,30,low
1656415034739,158.0,158,158,high
1655912321948,34.0,34,34,low
1656111432156,459.0,459,459,high
1656123790260,6.0,6,6,low
1658476324441,7.0,7,7,low
1658280476493,7.0,7,7,low
1657393447423,7.0,7,7,low
1656463638667,35.0,35,35,low
1657206232910,30.0,30,30,low
1657153899625,7.0,7,7,low
1658423228498,7.0,7,7,low
1656506409908,25.0,25,25,low
1656284635621,55.0,55,55,medium
1656376364119,459.0,459,459,high
1656200788100,210.0,210,210,high
1657122798848,7.0,7,7,low
1657375187869,7.0,7,7,low
1655969364726,21.0,21,21,low
1656012796010,8.0,8,8,low
1657190504783,30.0,30,30,low
1657372704192,30.0,30,30,low
1658392930863,7.0,7,7,low
1657353015391,30.0,30,30,low
1657097038227,29.0,29,29,low
1657120139483,30.0,30,30,low
1658917604157,7.0,7,7,low
1656401830499,34.0,34,34,low
1657255714383,30.0,30,30,low
1656271371601,56.5,55,61,medium
1656578745290,13.0,13,13,low
1657416931222,7.0,7,7,low
1657351098864,30.0,30,30,low
1656300573933,37.0,37,37,low
1655903421118,23.0,23,23,low
1656309849433,63.0,63,63,medium
1657114533426,7.0,7,7,low
1658386502172,7.0,7,7,low
1656000897039,27.0,27,27,low
1656018393176,271.0,271,271,high
1659928802835,7.0,7,7,low
1656148291956,21.0,21,21,low
1656559207755,25.0,25,25,low
1657189258396,30.0,30,30,low
1656586489697,18.0,18,18,low
1656345231563,9.0,9,9,low
1657190313430,7.0,7,7,low
1656389166042,15.0,15,15,low
1656147996791,8.0,8,8,low
1657361451448,7.0,7,7,low
1656270454242,166.0,166,166,high
1655977088447,6.0,6,6,low
1656101374550,123.0,123,123,medium
1657226692259,7.0,7,7,low
1656063510457,25.0,25,25,low
1656580060326,6.0,6,6,low
1656159618371,6.0,6,6,low
1656584777969,8.0,8,8,low
1656315361689,15.0,15,15,low
1657277094689,7.0,7,7,low
1658427317726,7.0,7,7,low
1655918224022,6.0,6,6,low
1656092635433,7.0,7,7,low
1656189539386,170.0,170,170,high
1657246186841,7.0,7,7,low
1656418572621,41.0,41,41,low
1659339211114,7.0,7,7,low
1657114393289,13.0,13,13,low
1658283515321,7.0,7,7,low
1657147918889,30.0,30,30,low
1655944811564,6.0,6,6,low
1656201140554,21.0,21,21,low
1655927523375,19.0,19,19,low
1657297604530,30.0,30,30,low
1656324625349,8.0,8,8,low
1656477936384,12.0,12,12,low
1655944995002,24.0,24,24,low
1656077487552,18.0,18,18,low
1656209152368,6.0,6,6,low
1657162845825,8.0,8,8,low
1658577232426,7.0,7,7,low
1656209104260,94.0,94,94,medium
1656594996726,122.0,122,122,medium
1657257996553,7.0,7,7,low
1657392284936,30.0,30,30,low
1659412269721,7.0,7,7,low
1658321777213,8.0,8,8,low
1657334707491,30.0,30,30,low
1657159035089,7.0,7,7,low
1657211563211,7.0,7,7,low
1656542928167,37.0,37,37,low
1656542477708,6.0,6,6,low
1656099840456,202.0,202,202,high
1656137537833,371.0,371,371,high
1656062438182,29.0,29,29,low
1656362472038,17.0,17,17,low
1656039567332,6.0,6,6,low
1656601739126,19.0,19,19,low
1659629142756,7.0,7,7,low
1656395494243,286.0,286,286,high
1656023792895,12.0,12,12,low
1658503542687,7.0,7,7,low
1655947579021,286.0,286,286,high
1656568001404,63.0,63,63,medium
1656544556676,23.0,23,23,low
1655983137485,6.0,6,6,low
1655942106154,7.0,7,7,low
1658414243572,7.0,7,7,low
1657266228739,7.0,7,7,low
1657155081276,7.0,7,7,low
1656022285305,558.0,558,558,high
1656562130033,14.0,14,14,low
1656522392306,52.0,52,52,medium
1656335420513,6.0,6,6,low
1657283369337,7.0,7,7,low
1657292086629,7.0,7,7,low
1657117322366,7.0,7,7,low
1657306039166,30.0,30,30,low
1656599575790,17.0,17,17,low
1656575407728,49.0,49,49,low
1656040346890,23.0,23,23,low
1658274322390,26.0,26,26,low
1657181429078,7.0,7,7,low
1658345565980,7.0,7,7,low
1656094773000,24.0,24,24,low
1657257838144,30.0,30,30,low
1656318339612,18.0,18,18,low
1656320698944,8.0,8,8,low
1658290676741,7.0,7,7,low
1658352057368,7.0,7,7,low
1658274283678,7.0,7,7,low
1656521099358,148.0,148,148,medium
1656384641038,15.0,15,15,low
1657405620171,30.0,30,30,low
1656111754020,6.0,6,6,low
1657351876527,30.0,30,30,low
1659952969416,7.0,7,7,low
1657212660483,30.0,30,30,low
1656390208462,492.0,492,492,high
1655889433331,131.0,131,131,medium
1657133298360,7.0,7,7,low
1656250523370,34.0,34,34,low
1656615385438,131.0,131,131,medium
1656548147287,15.0,15,15,low
1657103711831,176.0,176,176,high
1657271540758,7.0,7,7,low
1657134837754,271.0,271,271,high
1657303770593,30.0,30,30,low
1658457682132,7.0,7,7,low
1658374882368,7.0,7,7,low
1657271906765,7.0,7,7,low
1656279094035,17.0,17,17,low
1656095245834,92.0,92,92,medium
1657187195180,7.0,7,7,low
1656137266840,222.0,222,222,high
1656589320824,15.0,15,15,low
1656186761775,10.0,10,10,low
1656141642297,6.0,6,6,low
1658478023673,7.0,7,7,low
1655975484738,35.0,35,35,low
1657124751575,45.0,45,45,low
1657127530507,7.0,7,7,low
1656218016052,226.0,226,226,high
1656048020814,15.0,15,15,low
1658326937948,7.0,7,7,low
1658360881835,7.0,7,7,low
1657118949193,30.0,30,30,low
1657208936920,7.0,7,7,low
1657323377489,7.0,7,7,low
1656233051024,6.0,6,6,low
1656026363203,271.0,271,271,high
1657200214901,7.0,7,7,low
1656182178648,28.0,28,28,low
1657098069859,7.0,7,7,low
1656389492780,10.0,10,10,low
1657225441574,30.0,30,30,low
1655915600440,13.0,13,13,low
1655956930871,58.0,58,58,medium
1657297921371,7.0,7,7,low
1657090894746,7.0,7,7,low
1657156699767,7.0,7,7,low
1659683218146,7.0,7,7,low
1657182546104,7.0,7,7,low
1656344386063,8.0,8,8,low
1657412697121,7.0,7,7,low
1655885112781,15.0,15,15,low
1656546713536,226.0,226,226,high
1655961910956,38.0,38,38,low
1656389577296,268.0,268,268,high
1658548147946,7.0,7,7,low
1656166767226,48.0,48,48,low
1656566430775,8.0,8,8,low
1657251853529,7.0,7,7,low
1655972831532,26.0,26,26,low
1656010589432,271.0,271,271,high
1656147245079,129.0,129,129,medium
1657186961102,30.0,30,30,low
1657206954215,7.0,7,7,low
1657156180254,30.0,30,30,low
1655997025359,10.0,10,10,low
1656165074854,99.0,99,99,medium
1656021200164,14.0,14,14,low
1657372691678,30.0,30,30,low
1657192436172,7.0,7,7,low
1656221084929,10.0,10,10,low
1657244322219,30.0,30,30,low
1655969869367,8.0,8,8,low
1655906166879,67.0,67,67,medium
1658290206819,223.0,223,223,high
1658479161396,6.0,6,6,low
1655908297251,204.0,204,204,high
1656305444822,52.0,52,52,medium
1658350545867,7.0,7,7,low
1656081110399,6.0,6,6,low
1656496259591,14.0,14,14,low
1656151353128,89.0,89,89,medium
1656610752685,42.0,42,42,low
1658966471392,7.0,7,7,low
1659027305906,7.0,7,7,low
1657416438284,30.0,30,30,low
1655944437334,12.0,12,12,low
1657179753609,30.0,30,30,low
1658343723860,7.0,7,7,low
1657134368696,30.0,30,30,low
1655993797381,24.0,24,24,low
1656170355300,13.0,13,13,low
1656032637973,271.0,271,271,high
1657137065263,7.0,7,7,low
1657125029733,30.0,30,30,low
1656389037097,8.0,8,8,low
1656502513418,96.0,96,96,medium
1657180860172,7.0,7,7,low
1656597213099,129.0,129,129,medium
1656160279721,162.0,162,162,high
1657238219728,30.0,30,30,low
1656014408430,98.0,98,98,medium
1655963400855,10.0,10,10,low
1656414062968,344.0,344,344,high
1657272077725,7.0,7,7,low
1656434987536,26.0,26,26,low
1656396498381,66.0,66,66,medium
1658472734707,7.0,7,7,low
1655968904845,37.0,37,37,low
1656555435602,27.0,27,27,low
1656587395193,16.0,16,16,low
1657140609085,30.0,30,30,low
1655923836637,15.0,15,15,low
1657252440527,7.0,7,7,low
1656340139640,20.0,20,20,low
1657394941516,7.0,7,7,low
1657241922292,30.0,30,30,low
1656394452976,16.0,16,16,low
1656536848655,10.0,10,10,low
1659022710371,7.0,7,7,low
1656503570071,23.0,23,23,low
1657412681626,30.0,30,30,low
1656332239808,111.0,111,111,medium
1657410569216,7.0,7,7,low
1656546349199,11.0,11,11,low
1656251460365,11.0,11,11,low
1655965418374,119.0,119,119,medium
1656617017195,40.0,40,40,low
1656036598101,200.0,200,200,high
1657401775031,30.0,30,30,low
1658321899114,118.0,118,118,medium
1655949958635,17.0,17,17,low
1656612584646,17.0,17,17,low
1659797425162,7.0,7,7,low
1655984606654,17.0,17,17,low
1656442975536,11.0,11,11,low
1656189182057,44.0,44,44,low
1657317554926,7.0,7,7,low
1656186804682,8.0,8,8,low
1656215814810,200.0,200,200,high
1658926401940,7.0,7,7,low
1656481603661,29.0,29,29,low
1656329317729,39.0,39,39,low
1658417931697,7.0,7,7,low
1656143218569,34.0,34,34,low
1656026091823,17.0,17,17,low
1656239149499,52.0,52,52,medium
1655946750694,9.0,9,9,low
1657201522054,7.0,7,7,low
1657262990251,7.0,7,7,low
1656369032432,271.0,271,271,high
1658655935794,7.0,7,7,low
1656551480478,149.0,149,149,medium
1655918975621,271.0,271,271,high
1656307999318,16.0,16,16,low
1657335234309,30.0,30,30,low
1657081789623,10.0,10,10,low
1656239883200,150.0,150,150,medium
1656037929340,66.0,66,66,medium
1656567763418,6.0,6,6,low
1656564125993,48.0,48,48,low
1657149229631,71.0,71,71,medium
1656495195485,8.0,8,8,low
1656107283135,66.0,66,66,medium
1656088037485,25.0,25,25,low
1656130053640,17.0,17,17,low
1656401945308,10.0,10,10,low
1657128438372,7.0,7,7,low
1658358687936,8.0,8,8,low
1656221492158,70.0,70,70,medium
1656292038974,45.0,45,45,low
1657119586542,54.0,54,54,medium
1656154214654,148.0,148,148,medium
1656280188148,70.0,70,70,medium
1656269676737,6.0,6,6,low
1657226812017,30.0,30,30,low
1656073770307,16.0,16,16,low
1656242715653,15.0,15,15,low
1655959705547,66.0,66,66,medium
1659142227747,7.0,7,7,low
1657195293060,48.0,48,48,low
1657141861503,7.0,7,7,low
1656154461227,174.0,174,174,high
1657362448770,30.0,30,30,low
1657219617934,7.0,7,7,low
1656363747562,6.0,6,6,low
1657169966130,7.0,7,7,low
1657089332451,6.0,6,6,low
1657216904330,7.0,7,7,low
1656166224906,8.0,8,8,low
1656081681489,8.0,8,8,low
1657235779650,7.0,7,7,low
1655981194935,64.0,64,64,medium
1657422341790,30.0,30,30,low
1656569317202,422.0,422,422,high
1656180225817,20.0,20,20,low
1657162984555,78.0,78,78,medium
1655963140093,6.0,6,6,low
1656583032747,8.0,8,8,low
1657393869094,7.0,7,7,low
1656030413189,43.0,43,43,low
1656432930865,134.0,134,134,medium
1657307611652,30.0,30,30,low
1656520298912,69.0,69,69,medium
1656288581290,8.0,8,8,low
1655976438133,16.0,16,16,low
1657339170751,30.0,30,30,low
1656027733132,37.0,37,37,low
1658309463109,7.0,7,7,low
1656548127080,41.0,41,41,low
1657216681807,30.0,30,30,low
1657343786208,318.0,318,318,high
1656116577221,6.0,6,6,low
1656034276256,27.0,27,27,low
1655995285928,26.0,26,26,low
1656371683432,144.0,144,144,medium
1656407094217,17.0,17,17,low
1656067302543,11.0,11,11,low
1657271990741,7.0,7,7,low
1657197139865,30.0,30,30,low
1658327169178,79.0,79,79,medium
1658438141058,7.0,7,7,low
1656145553141,8.0,8,8,low
1656114092584,9.0,9,9,low
1658666323130,7.0,7,7,low
1656187764305,6.0,6,6,low
1655964713722,15.0,15,15,low
1657305338375,7.0,7,7,low
1656288765008,19.0,19,19,low
1657243267204,30.0,30,30,low
1657408920021,7.0,7,7,low
1658381127826,7.0,7,7,low
1656182149591,127.0,127,127,medium
1657166072977,72.0,72,72,medium
1656513865926,98.0,98,98,medium
1655981342842,212.0,212,212,high
1657185533334,7.0,7,7,low
1660285160763,7.0,7,7,low
1659609004726,7.0,7,7,low
1657130480980,30.0,30,30,low
1656537553120,8.0,8,8,low
1657165419127,30.0,30,30,low
1656149873927,17.0,17,17,low
1656065325342,6.0,6,6,low
1657179854538,30.0,30,30,low
1657122489771,7.0,7,7,low
1656070218270,37.0,37,37,low
1658466474216,7.0,7,7,low
1656490390168,15.0,15,15,low
1656019665611,200.0,200,200,high
1657251634582,30.0,30,30,low
1656609834420,558.0,558,558,high
1657287066638,8.0,8,8,low
1656264377864,8.0,8,8,low
1655898350465,66.0,66,66,medium
1656116418055,200.0,200,200,high
1657337848830,7.0,7,7,low
1657263450970,8.0,8,8,low
1657445085058,30.0,30,30,low
1656401006629,8.0,8,8,low
1657175044023,30.0,30,30,low
1656320367005,163.0,163,163,high
1656599364742,55.0,55,55,medium
1657152844817,30.0,30,30,low
1656467871444,8.0,8,8,low
1656200699224,163.0,163,163,high
1657226082240,30.0,30,30,low
1655961661419,157.0,157,157,high
1658302484764,7.0,7,7,low
1656393963775,6.0,6,6,low
1657154620736,7.0,7,7,low
1657181450127,7.0,7,7,low
1656435401952,62.0,50,66,medium
1655988462664,11.0,11,11,low
1657329907543,7.0,7,7,low
1657161452888,30.0,30,30,low
1655944941591,6.0,6,6,low
1656048425700,7.0,7,7,low
1658353352945,7.0,7,7,low
1656328164194,20.0,20,20,low
1656292467048,7.0,7,7,low
1656604453479,67.0,67,67,medium
1658519081646,7.0,7,7,low
1656612523006,70.0,70,70,medium
1656027849431,56.0,56,56,medium
1656202833268,113.0,113,113,medium
1657185468154,30.0,30,30,low
1657143354129,30.0,30,30,low
1656072459696,125.0,125,125,medium
1655967724591,10.0,10,10,low
1659055173687,7.0,7,7,low
1657146393553,7.0,7,7,low
1656052108645,20.0,20,20,low
1656038307180,6.0,6,6,low
1656615489040,19.0,19,19,low
1658657151902,7.0,7,7,low
1656282312559,22.0,22,22,low
1657234200838,7.0,7,7,low
1656182273074,226.0,226,226,high
1656254631557,71.0,71,71,medium
1655934872915,82.0,82,82,medium
1656580883437,34.0,34,34,low
1656076903745,10.0,10,10,low
1656578000171,8.0,8,8,low
1658321919147,44.0,44,44,low
1656419337264,35.0,35,35,low
1656015164052,17.0,17,17,low
1655998710652,127.0,127,127,medium
1659944506117,7.0,7,7,low
1658549808543,7.0,7,7,low
1657224285752,30.0,30,30,low
1657337648881,7.0,7,7,low
1657197245840,7.0,7,7,low
1656321850498,6.0,6,6,low
1655925778006,10.0,10,10,low
1656296274338,71.0,71,71,medium
1656037123231,24.0,24,24,low
1656378579501,8.0,8,8,low
1658532151880,7.0,7,7,low
1656212165399,31.0,31,31,low
1657269907182,7.0,7,7,low
1656038381702,14.0,14,14,low
1657250610835,7.0,7,7,low
1656252735872,99.0,99,99,medium
1656124883934,41.0,41,41,low
1656134620052,67.0,67,67,medium
1656594150804,66.0,66,66,medium
1655905655628,286.0,286,286,high
1656006456833,196.0,196,196,high
1658313767279,7.0,7,7,low
1657337066881,7.0,7,7,low
1657138961818,7.0,7,7,low
1657303302739,7.0,7,7,low
1655971721440,8.0,8,8,low
1657346967824,7.0,7,7,low
1657249832534,7.0,7,7,low
1655937622184,286.0,286,286,high
1656556225304,6.0,6,6,low
1656573475922,27.0,27,27,low
1657184487515,30.0,30,30,low
1658390269649,7.0,7,7,low
1658341099460,12.0,12,12,low
1657132201204,30.0,30,30,low
1656307989945,14.0,14,14,low
1656536161525,65.0,65,65,medium
1656241224521,271.0,271,271,high
1656371633445,23.0,23,23,low
1659048762740,7.0,7,7,low
1656035836780,20.0,20,20,low
1656002272635,19.0,19,19,low
1658326937067,7.0,7,7,low
1656234517880,217.0,217,217,high
1656253756973,23.0,23,23,low
1656284900576,19.0,19,19,low
1655948837939,15.0,15,15,low
1657113596006,13.0,13,13,low
1659558801789,7.0,7,7,low
1657330755422,30.0,30,30,low
1656358043628,14.0,14,14,low
1656367027924,18.0,18,18,low
1659160327453,7.0,7,7,low
1656334675207,191.5,190,193,high
1658332430282,7.0,7,7,low
1658368874796,7.0,7,7,low
1657306843594,30.0,30,30,low
1655989347847,14.0,14,14,low
1657218076407,41.0,41,41,low
1656295226813,46.0,46,46,low
1657147118241,7.0,7,7,low
1656292554033,71.0,71,71,medium
1656194246018,271.0,271,271,high
1656162554903,82.0,82,82,medium
1656137449144,91.0,91,91,medium
1656541964899,24.0,24,24,low
1658401892293,7.0,7,7,low
1656464379350,166.0,166,166,high
1656328711154,14.0,14,14,low
1658559232034,7.0,7,7,low
1656278775929,60.0,60,60,medium
1658346221129,12.0,12,12,low
1656242989638,19.0,19,19,low
1657288018485,30.0,30,30,low
1657455792005,139.0,139,139,medium
1655943300083,159.0,159,159,high
1657144109466,7.0,7,7,low
1656242931523,309.0,309,309,high
1655930292723,28.0,28,28,low
1656110678655,11.0,11,11,low
1657156646253,56.0,56,56,medium
1656318710079,50.0,50,50,medium
1656325105609,68.0,68,68,medium
1657243635249,7.0,7,7,low
1655902113723,41.0,41,41,low
1656548849830,23.0,23,23,low
1655931287345,37.0,37,37,low
1655944909048,37.0,37,37,low
1656430889834,68.0,68,68,medium
1657330145058,30.0,30,30,low
1656423878455,71.0,71,71,medium
1655941516047,13.0,13,13,low
1656444264002,271.0,271,271,high
1656265561180,71.0,71,71,medium
1657433566727,7.0,7,7,low
1657409181868,7.0,7,7,low
1656470541538,37.0,37,37,low
1656546124856,8.0,8,8,low
1657283872990,30.0,30,30,low
1657257303274,30.0,30,30,low
1657311310218,7.0,7,7,low
1656198424894,271.0,271,271,high
1657168350618,30.0,30,30,low
1658380402748,37.0,37,37,low
1656590889175,163.0,163,163,high
1657329477266,30.0,30,30,low
1656435041935,42.0,42,42,low
1658358031960,338.0,338,338,high
1657301129715,7.0,7,7,low
1659130789737,7.0,7,7,low
1657128404933,30.0,30,30,low
1657179676619,30.0,30,30,low
1657151375463,20.0,20,20,low
1656522449851,119.0,119,119,medium
1656101430733,11.0,11,11,low
1656251008328,97.0,97,97,medium
1657358063430,30.0,30,30,low
1655933417543,49.0,49,49,low
1657399184227,30.0,30,30,low
1656474701048,34.0,34,34,low
1656230087562,23.0,23,23,low
1657413589261,30.0,30,30,low
1658307095684,7.0,7,7,low
1657291704625,30.0,30,30,low
1656531837255,115.0,115,115,medium
1656276242783,6.0,6,6,low
1656581320188,19.0,19,19,low
1657213529603,7.0,7,7,low
1656268097704,37.0,37,37,low
1655974267518,80.0,80,80,medium
1655936038187,58.0,58,58,medium
1656088811233,66.0,66,66,medium
1657142273079,7.0,7,7,low
1655970634346,152.0,152,152,high
1658959955305,7.0,7,7,low
1656379193015,176.0,176,176,high
1657165963910,30.0,30,30,low
1656547302353,32.25,31,36,low
1656124967224,34.0,34,34,low
1659343186970,7.0,7,7,low
1656423815904,8.0,8,8,low
1657180719411,7.0,7,7,low
1657405296431,7.0,7,7,low
1657352983202,30.0,30,30,low
1658530457658,7.0,7,7,low
1656236620023,116.0,116,116,medium
1659341878133,7.0,7,7,low
1656102613086,56.0,56,56,medium
1660095974455,7.0,7,7,low
1657307567552,30.0,30,30,low
1656331938124,37.0,37,37,low
1657169773522,7.0,7,7,low
1656428615427,23.0,23,23,low
1658392709253,7.0,7,7,low
1658451884964,112.0,112,112,medium
1655971308665,6.0,6,6,low
1656200184893,10.0,10,10,low
1656486705650,60.0,60,60,medium
1657143733816,7.0,7,7,low
1657442145105,7.0,7,7,low
1655944346535,135.0,135,135,medium
1656140798531,123.0,123,123,medium
1658668796301,7.0,7,7,low
1657264402655,30.0,30,30,low
1656144811630,42.0,42,42,low
1656221923527,8.0,8,8,low
1657425257441,7.0,7,7,low
1656591822406,21.0,21,21,low
1656434036489,37.0,37,37,low
1657208153333,30.0,30,30,low
1658463230980,7.0,7,7,low
1656391078937,17.0,17,17,low
1656558899004,67.0,67,67,medium
1655980238432,811.0,811,811,high
1658503767768,7.0,7,7,low
1656533248098,26.0,26,26,low
1656090199403,19.0,19,19,low
1656132532375,48.0,48,48,low
1657217053964,7.0,7,7,low
1655923634264,19.0,19,19,low
1657180987826,7.0,7,7,low
1658802886966,7.0,7,7,low
1655963903835,109.0,109,109,medium
1656002999447,44.0,44,44,low
1656145373829,8.0,8,8,low
1655937970599,27.0,27,27,low
1658478684941,7.0,7,7,low
1656064347434,28.0,28,28,low
1658689972008,7.0,7,7,low
1658752409067,7.0,7,7,low
1656552725987,153.0,153,153,high
1656016867203,6.0,6,6,low
1657167382104,7.0,7,7,low
1656298448886,19.0,19,19,low
1658346706724,7.0,7,7,low
1658435256754,50.0,50,50,medium
1657181163028,7.0,7,7,low
1655987336150,27.0,27,27,low
1656390496248,18.0,18,18,low
1657197277078,7.0,7,7,low
1657157258024,30.0,30,30,low
1656509517391,56.0,56,56,medium
1657263302228,30.0,30,30,low
1657415722141,7.0,7,7,low
1655929443487,56.0,56,56,medium
1657268599611,7.0,7,7,low
1655930845045,78.0,78,78,medium
1656291033903,19.0,19,19,low
1656000173497,54.0,54,54,medium
1658409093631,7.0,7,7,low
1656105385935,23.0,23,23,low
1656152727089,98.0,98,98,medium
1655933014822,25.0,25,25,low
1657208530381,7.0,7,7,low
1656130369415,15.0,15,15,low
1656418568140,17.0,17,17,low
1657359364860,7.0,7,7,low
1656376060431,27.0,27,27,low
1656127925161,101.0,101,101,medium
1655977135084,5.0,5,5,low
1659796001967,7.0,7,7,low
1657105487570,54.0,54,54,medium
1657136797185,7.0,7,7,low
1659243684465,7.0,7,7,low
1657199751072,7.0,7,7,low
1656007194101,23.0,23,23,low
1656335276247,252.0,252,252,high
1657172426851,30.0,30,30,low
1657205820006,27.0,27,27,low
1657179053264,7.0,7,7,low
1656067695340,15.0,15,15,low
1657146739840,7.0,7,7,low
1656082587125,18.0,18,18,low
1657083057706,35.0,35,35,low
1656091074232,7.0,7,7,low
1657284930845,30.0,30,30,low
1658378237580,7.0,7,7,low
1657149326304,7.0,7,7,low
1656146788705,6.0,6,6,low
1656437224331,68.0,68,68,medium
1656075491283,256.0,256,256,high
1656527920773,40.0,40,40,low
1658376746181,7.0,7,7,low
1657285827924,30.0,30,30,low
1657206481055,7.0,7,7,low
1656315893664,44.0,44,44,low
1657280789599,30.0,30,30,low
1658983410867,7.0,7,7,low
1658335568693,7.0,7,7,low
1658452988829,7.0,7,7,low
1656413962979,30.0,30,30,low
1656110952773,17.0,17,17,low
1656208298208,66.0,66,66,medium
1657300849143,7.0,7,7,low
1656531837362,51.0,51,51,medium
1656453863785,15.0,15,15,low
1656305459630,27.0,27,27,low
1656327713394,299.0,299,299,high
1657450961356,30.0,30,30,low
1659553238152,7.0,7,7,low
1656370370264,504.0,504,504,high
1657294835375,31.0,31,31,low
1655913407925,28.0,28,28,low
1656033223602,43.0,43,43,low
1657151438415,30.0,30,30,low
1656027090833,97.0,97,97,medium
1656430593698,22.75,22,23,low
1655924836143,15.0,15,15,low
1657353161217,30.0,30,30,low
1656578614990,99.0,99,99,medium
1658329386300,50.0,50,50,medium
1655999863652,84.0,84,84,medium
1655940019323,180.0,180,180,high
1656104286019,276.0,276,276,high
1658810001982,7.0,7,7,low
1656330406249,20.0,20,20,low
1659673671132,7.0,7,7,low
1656326633082,102.0,102,102,medium
1658541474936,7.0,7,7,low
1656035609631,190.0,190,190,high
1656102822912,27.0,27,27,low
1657093595748,7.0,7,7,low
1658636518242,7.0,7,7,low
1656255866725,38.0,38,38,low
1655973474432,18.0,18,18,low
1656128505051,128.0,128,128,medium
1656296483639,43.0,43,43,low
1658684027675,7.0,7,7,low
1656370875937,100.0,100,100,medium
1657244454207,7.0,7,7,low
1656140296835,64.0,64,64,medium
1658652239715,7.0,7,7,low
1655969369672,112.0,112,112,medium
1657211234237,7.0,7,7,low
1657163774635,7.0,7,7,low
1657359960325,7.0,7,7,low
1656329415346,30.0,30,30,low
1655986507195,130.0,130,130,medium
1657271960372,7.0,7,7,low
1656225240798,39.0,39,39,low
1656026842055,206.0,206,206,high
1656300046796,71.0,71,71,medium
1658470460059,7.0,7,7,low
1658777776313,7.0,7,7,low
1656563183890,69.0,69,69,medium
1656571777073,73.0,73,73,medium
1655966191119,14.0,14,14,low
1658962055151,7.0,7,7,low
1656330468001,77.0,77,77,medium
1659153539050,7.0,7,7,low
1658898317810,7.0,7,7,low
1656155953263,14.0,14,14,low
1658805319469,7.0,7,7,low
1655970094835,24.0,24,24,low
1655920275366,28.0,28,28,low
1655913462698,49.0,49,49,low
1656208181760,84.0,84,84,medium
1655886828753,54.0,54,54,medium
1659765785233,7.0,7,7,low
1656338295727,40.0,40,40,low
1656482814686,14.0,14,14,low
1656380661240,56.0,56,56,medium
1658282528717,7.0,7,7,low
1659270635969,7.0,7,7,low
1655924190849,45.0,45,45,low
1656308913110,34.0,34,34,low
1658271515007,7.0,7,7,low
1656020244797,192.0,192,192,high
1657436827633,7.0,7,7,low
1657400415035,7.0,7,7,low
1655962153377,42.0,42,42,low
1656287152295,37.0,37,37,low
1657377242230,7.0,7,7,low
1657353697886,7.0,7,7,low
1656362820384,22.25,22,23,low
1657302765032,452.0,452,452,high
1657175493772,7.0,7,7,low
1656118827917,74.0,74,74,medium
1656131758959,57.0,57,57,medium
1656438797772,16.0,16,16,low
1658383479123,7.0,7,7,low
1658814137237,7.0,7,7,low
1656472643039,23.0,23,23,low
1656006893029,13.0,13,13,low
1658380649152,7.0,7,7,low
1656301666765,56.0,56,56,medium
1657106592322,55.0,55,55,medium
1658457659666,7.0,7,7,low
1657186047201,7.0,7,7,low
1655944550511,254.0,254,254,high
1656382676962,24.0,24,24,low
1655886848980,75.0,75,75,medium
1657121962179,210.0,210,210,high
1655933560096,31.0,31,31,low
1656465430701,17.0,17,17,low
1657249225564,7.0,7,7,low
1658314249937,7.0,7,7,low
1656057625331,46.0,46,46,low
1656094635839,24.0,24,24,low
1656550017745,559.0,559,559,high
1655928618046,82.0,82,82,medium
1656597854711,11.0,11,11,low
1657126403777,7.0,7,7,low
1656441156202,19.0,19,19,low
1656363487895,155.0,155,155,high
1656112702275,38.0,38,38,low
1657251626397,7.0,7,7,low
1656004315283,24.0,24,24,low
1656325336917,49.0,49,49,low
1657171826083,7.0,7,7,low
1657252016192,30.0,30,30,low
1656591881581,149.0,149,149,medium
1656615229576,119.0,119,119,medium
1656162560791,218.0,218,218,high
1657352303173,7.0,7,7,low
1656039638601,28.0,28,28,low
1656490566035,30.0,30,30,low
1656036706831,102.0,102,102,medium
1659443737096,119.0,119,119,medium
1658280289640,151.0,151,151,high
1656237872722,140.0,140,140,medium
1658329385243,7.0,7,7,low
1658453362528,7.0,7,7,low
1656403870724,56.0,56,56,medium
1658589023415,7.0,7,7,low
1655964629245,3.0,3,3,low
1656182380864,162.0,162,162,high
1658768561319,7.0,7,7,low
1656103976459,19.0,19,19,low
1656612367829,15.0,15,15,low
1656590022702,42.0,42,42,low
1656075449684,85.0,85,85,medium
1657211690126,7.0,7,7,low
1656147788629,176.0,176,176,high
1656135628832,37.0,37,37,low
1657342802182,7.0,7,7,low
1656275911025,94.0,94,94,medium
1656034478533,98.0,98,98,medium
1655996575963,207.0,207,207,high
1656501840333,110.0,110,110,medium
1655911421770,131.0,131,131,medium
1657223040817,205.0,205,205,high
1657117022092,207.0,207,207,high
1658338779431,206.0,206,206,high
1658476525791,7.0,7,7,low
1658627495222,7.0,7,7,low
1659023916568,7.0,7,7,low
1656047462652,25.0,25,25,low
1657181554608,7.0,7,7,low
1657155865703,7.0,7,7,low
1657362423016,7.0,7,7,low
1657235157587,7.0,7,7,low
1656478043365,18.0,18,18,low
1656603314694,72.0,72,72,medium
1656059599091,19.0,19,19,low
1657273215920,7.0,7,7,low
1655967701033,31.0,31,31,low
1658424617521,7.0,7,7,low
1656240511386,7.0,7,7,low
1658268925742,7.0,7,7,low
1656088071150,28.0,28,28,low
1656343554434,457.0,457,457,high
1658360097699,7.0,7,7,low
1658919841859,7.0,7,7,low
1656203008391,34.0,34,34,low
1658312677045,7.0,7,7,low
1658329049931,7.0,7,7,low
1655910228331,31.0,31,31,low
1655948018934,7.0,7,7,low
1656319731821,25.0,25,25,low
1657254800130,7.0,7,7,low
1658319860271,7.0,7,7,low
1658291896355,7.0,7,7,low
1658571035199,7.0,7,7,low
1658329680447,7.0,7,7,low
1659040981964,7.0,7,7,low
1656059521999,19.0,19,19,low
1655927769475,36.0,36,36,low
1658810083856,7.0,7,7,low
1657442929471,7.0,7,7,low
1657384832604,7.0,7,7,low
1658365148173,7.0,7,7,low
1659072004988,7.0,7,7,low
1656308529249,19.0,19,19,low
1658834835939,7.0,7,7,low
1655953512971,33.0,33,33,low
1658955359642,7.0,7,7,low
1658472589975,7.0,7,7,low
1656253937616,354.0,354,354,high
1658819840874,7.0,7,7,low
1657379108691,7.0,7,7,low
1658506995541,7.0,7,7,low
1656557437891,28.0,28,28,low
1658948335173,7.0,7,7,low
1656262316469,37.0,37,37,low
1658771721526,7.0,7,7,low
1657238367737,7.0,7,7,low
1657152073624,7.0,7,7,low
1657152990378,7.0,7,7,low
1658294924473,7.0,7,7,low
1656380151612,11.0,11,11,low
1658950418013,7.0,7,7,low
1655977694453,21.0,21,21,low
1658772885469,7.0,7,7,low
1658305490504,7.0,7,7,low
1658645202250,7.0,7,7,low
1656036792290,302.0,302,302,high
1658347152786,7.0,7,7,low
1660131127562,7.0,7,7,low
1658827009437,7.0,7,7,low
1656392197844,34.0,34,34,low
1658283049546,7.0,7,7,low
1656563416249,36.0,36,36,low
1658271178773,7.0,7,7,low
1656082108690,44.0,44,44,low
1656427840245,7.0,7,7,low
1656013749030,18.0,18,18,low
1658351529978,7.0,7,7,low
1659210097177,7.0,7,7,low
1658290670953,7.0,7,7,low
1656434093184,19.0,19,19,low
1657137563725,7.0,7,7,low
1658319479431,7.0,7,7,low
1659897771247,7.0,7,7,low
1656471187367,14.0,14,14,low
1657153179664,7.0,7,7,low
1657154082367,7.0,7,7,low
1656051176700,20.0,20,20,low
1655945386007,28.0,28,28,low
1657179531675,7.0,7,7,low
1657159039337,7.0,7,7,low
1659625653932,7.0,7,7,low
1658296881834,7.0,7,7,low
1658475382801,7.0,7,7,low
1657348510990,7.0,7,7,low
1658483026739,7.0,7,7,low
1657299470555,7.0,7,7,low
1657215889130,7.0,7,7,low
1658377366710,7.0,7,7,low
1657158350389,7.0,7,7,low
1655975785332,307.0,307,307,high
1656316147178,18.0,18,18,low
1658318788040,7.0,7,7,low
1657392898482,7.0,7,7,low
1657463029195,7.0,7,7,low
1656430835544,69.0,69,69,medium
1656328221942,23.0,23,23,low
1657453087636,7.0,7,7,low
1657216889093,7.0,7,7,low
1657143906815,7.0,7,7,low
1658935246735,7.0,7,7,low
1657171426811,7.0,7,7,low
1658369800812,7.0,7,7,low
1656003360231,19.0,19,19,low
1656137421840,14.0,14,14,low
1658405919928,7.0,7,7,low
1657190136040,7.0,7,7,low
1658475314831,7.0,7,7,low
1657188571125,7.0,7,7,low
1657227344010,7.0,7,7,low
1657164848349,7.0,7,7,low
1656416389123,23.0,23,23,low
1656010671565,20.0,20,20,low
1658520790548,7.0,7,7,low
1658456454480,7.0,7,7,low
1658496922807,7.0,7,7,low
1658365818254,60.0,60,60,medium
1657235201125,7.0,7,7,low
1657412712869,7.0,7,7,low
1656462795042,14.0,14,14,low
1659296470840,7.0,7,7,low
1657227736074,7.0,7,7,low
1657272290471,7.0,7,7,low
1659482035147,7.0,7,7,low
1658892663410,7.0,7,7,low
1657228681601,7.0,7,7,low
1656115274350,19.0,19,19,low
1656332238296,37.0,37,37,low
1656592621701,7.0,7,7,low
1657189673018,7.0,7,7,low
1656399903223,12.0,12,12,low
1657129464391,7.0,7,7,low
1657222578515,7.0,7,7,low
1659247682936,7.0,7,7,low
1658559555820,7.0,7,7,low
1657280513012,7.0,7,7,low
1657382332135,7.0,7,7,low
1657200487178,7.0,7,7,low
1657253493300,7.0,7,7,low
1657433509380,7.0,7,7,low
1657291993238,7.0,7,7,low
1657238794153,7.0,7,7,low
1658679816141,7.0,7,7,low
1657386322489,7.0,7,7,low
1656287458157,37.0,37,37,low
1656556364834,19.0,19,19,low
1658525302169,7.0,7,7,low
1658770827777,7.0,7,7,low
1659433618453,7.0,7,7,low
1655921856123,38.0,38,38,low
1657177921417,7.0,7,7,low
1655932163721,15.0,15,15,low
1657383554860,7.0,7,7,low
1658701694596,7.0,7,7,low
1658429800827,7.0,7,7,low
1658568567762,7.0,7,7,low
1657153199668,7.0,7,7,low
1656308888183,7.0,7,7,low
1657294155924,7.0,7,7,low
1655977488532,7.0,7,7,low
1656073390416,21.0,21,21,low
1656419859959,37.0,37,37,low
1657214124462,7.0,7,7,low
1655953152561,83.0,83,83,medium
1658873378994,7.0,7,7,low
1659055397787,7.0,7,7,low
1656386606193,34.0,34,34,low
1658409481436,7.0,7,7,low
1655974115733,19.0,19,19,low
1658355972816,7.0,7,7,low
1658852215885,7.0,7,7,low
1657354688168,7.0,7,7,low
1655938896663,180.0,180,180,high
1658870986032,7.0,7,7,low
1657349951777,7.0,7,7,low
1657172000001,7.0,7,7,low
1658730795409,7.0,7,7,low
1658458960037,28.0,28,28,low
1657287058836,7.0,7,7,low
1655909805786,436.0,436,436,high
1656511865728,24.0,24,24,low
1656163484669,19.0,19,19,low
1657145744097,7.0,7,7,low
1658933878893,7.0,7,7,low
1656218819333,5.0,5,5,low
1656069585414,171.0,171,171,high
1657294102021,7.0,7,7,low
1656415103151,21.0,21,21,low
1656457897304,19.0,19,19,low
1656369462071,14.0,14,14,low
1657126205793,7.0,7,7,low
1658277910754,7.0,7,7,low
1655990317148,28.0,28,28,low
1658308826620,7.0,7,7,low
1657374555030,7.0,7,7,low
1657342730542,7.0,7,7,low
1656101423210,23.0,23,23,low
1658295193270,7.0,7,7,low
1656514682795,22.0,22,22,low
1656587808554,28.0,28,28,low
1657440880644,7.0,7,7,low
1656124699038,21.0,21,21,low
1657110442696,7.0,7,7,low
1658465868082,7.0,7,7,low
1656317889412,54.0,54,54,medium
1658359068082,7.0,7,7,low
1657384303534,7.0,7,7,low
1657378012879,7.0,7,7,low
1658374002939,7.0,7,7,low
1657186973318,7.0,7,7,low
1657462217843,7.0,7,7,low
1659785628894,7.0,7,7,low
1658566632040,7.0,7,7,low
